,date,quarter,department,day,team,targeted_productivity,smv,wip,over_time,incentive,idle_time,idle_men,no_of_style_change,no_of_workers,actual_productivity,productivity
0,2015-01-01,Quarter1,sewing,Thursday,8,0.8,26.16,1108.0,7080,98,0.0,0,0,59.0,0.940725424,high
1,2015-01-01,Quarter1,finishing,Thursday,1,0.75,3.94,0.0,960,0,0.0,0,0,8.0,0.8865,high
2,2015-01-01,Quarter1,sewing,Thursday,11,0.8,11.41,968.0,3660,50,0.0,0,0,30.5,0.800570492,high
3,2015-01-01,Quarter1,sewing,Thursday,12,0.8,11.41,968.0,3660,50,0.0,0,0,30.5,0.800570492,high
4,2015-01-01,Quarter1,sewing,Thursday,6,0.8,25.9,1170.0,1920,50,0.0,0,0,56.0,0.800381944,high
5,2015-01-01,Quarter1,sewing,Thursday,7,0.8,25.9,984.0,6720,38,0.0,0,0,56.0,0.800125,high
6,2015-01-01,Quarter1,finishing,Thursday,2,0.75,3.94,0.0,960,0,0.0,0,0,8.0,0.755166667,medium
7,2015-01-01,Quarter1,sewing,Thursday,3,0.75,28.08,795.0,6900,45,0.0,0,0,57.5,0.753683478,medium
8,2015-01-01,Quarter1,sewing,Thursday,2,0.75,19.87,733.0,6000,34,0.0,0,0,55.0,0.753097531,medium
9,2015-01-01,Quarter1,sewing,Thursday,1,0.75,28.08,681.0,6900,45,0.0,0,0,57.5,0.750427826,medium
10,2015-01-01,Quarter1,sewing,Thursday,9,0.7,28.08,872.0,6900,44,0.0,0,0,57.5,0.721126957,medium
11,2015-01-01,Quarter1,sewing,Thursday,10,0.75,19.31,578.0,6480,45,0.0,0,0,54.0,0.712205247,medium
12,2015-01-01,Quarter1,sewing,Thursday,5,0.8,11.41,668.0,3660,50,0.0,0,0,30.5,0.707045902,medium
13,2015-01-01,Quarter1,finishing,Thursday,10,0.65,3.94,0.0,960,0,0.0,0,0,8.0,0.705916667,medium
14,2015-01-01,Quarter1,finishing,Thursday,8,0.75,2.9,0.0,960,0,0.0,0,0,8.0,0.676666667,medium
15,2015-01-01,Quarter1,finishing,Thursday,4,0.75,3.94,0.0,2160,0,0.0,0,0,18.0,0.593055556,low
16,2015-01-01,Quarter1,finishing,Thursday,7,0.8,2.9,0.0,960,0,0.0,0,0,8.0,0.540729167,low
17,2015-01-01,Quarter1,sewing,Thursday,4,0.65,23.69,861.0,7200,0,0.0,0,0,60.0,0.52118,low
18,2015-01-01,Quarter1,finishing,Thursday,11,0.7,4.15,0.0,1440,0,0.0,0,0,12.0,0.436326389,low
19,2015-01-03,Quarter1,finishing,Saturday,4,0.8,4.15,0.0,6600,0,0.0,0,0,20.0,0.988024691,high
20,2015-01-03,Quarter1,finishing,Saturday,11,0.75,2.9,0.0,5640,0,0.0,0,0,17.0,0.987880435,high
21,2015-01-03,Quarter1,finishing,Saturday,9,0.8,4.15,0.0,960,0,0.0,0,0,8.0,0.956270833,high
22,2015-01-03,Quarter1,finishing,Saturday,3,0.75,3.94,0.0,1560,0,0.0,0,0,8.0,0.945277778,high
23,2015-01-03,Quarter1,finishing,Saturday,1,0.8,3.94,0.0,960,0,0.0,0,0,8.0,0.902916667,high
24,2015-01-03,Quarter1,sewing,Saturday,1,0.8,28.08,772.0,6300,50,0.0,0,0,56.5,0.800725314,high
25,2015-01-03,Quarter1,sewing,Saturday,3,0.8,28.08,913.0,6540,50,0.0,0,0,54.5,0.800322936,high
26,2015-01-03,Quarter1,sewing,Saturday,8,0.8,26.16,1261.0,7080,50,0.0,0,0,59.0,0.800318644,high
27,2015-01-03,Quarter1,sewing,Saturday,12,0.8,26.16,844.0,7080,63,0.0,0,0,59.0,0.800318644,high
28,2015-01-03,Quarter1,sewing,Saturday,11,0.8,11.61,1005.0,7080,50,0.0,0,0,29.5,0.800237288,high
29,2015-01-03,Quarter1,sewing,Saturday,5,0.8,11.61,659.0,7080,50,0.0,0,0,31.5,0.800148649,high
30,2015-01-03,Quarter1,sewing,Saturday,6,0.8,25.9,1152.0,6720,50,0.0,0,0,56.0,0.800125,high
31,2015-01-03,Quarter1,sewing,Saturday,7,0.8,25.9,1138.0,6720,38,0.0,0,0,56.0,0.800125,high
32,2015-01-03,Quarter1,sewing,Saturday,10,0.75,19.31,610.0,6480,56,0.0,0,0,54.0,0.787299691,medium
33,2015-01-03,Quarter1,finishing,Saturday,2,0.8,4.15,0.0,960,0,0.0,0,0,8.0,0.782447917,medium
34,2015-01-03,Quarter1,sewing,Saturday,2,0.75,19.87,944.0,6600,45,0.0,0,0,55.0,0.75024303,medium
35,2015-01-03,Quarter1,finishing,Saturday,10,0.7,4.15,0.0,960,0,0.0,0,0,8.0,0.7018125,medium
36,2015-01-03,Quarter1,sewing,Saturday,4,0.7,23.69,544.0,13800,0,0.0,0,0,60.0,0.700134038,medium
37,2015-01-03,Quarter1,sewing,Saturday,9,0.7,28.08,1072.0,6900,40,0.0,0,0,57.5,0.699965217,medium
38,2015-01-03,Quarter1,finishing,Saturday,8,0.8,2.9,0.0,960,0,0.0,0,0,8.0,0.628333333,medium
39,2015-01-03,Quarter1,finishing,Saturday,7,0.8,3.94,0.0,960,0,0.0,0,0,8.0,0.6253125,medium
40,2015-01-04,Quarter1,finishing,Sunday,3,0.75,4.15,0.0,1560,0,0.0,0,0,8.0,0.991388889,high
41,2015-01-04,Quarter1,finishing,Sunday,9,0.8,3.94,0.0,960,0,0.0,0,0,8.0,0.931645833,high
42,2015-01-04,Quarter1,finishing,Sunday,1,0.8,3.94,0.0,960,0,0.0,0,0,8.0,0.915229167,high
43,2015-01-04,Quarter1,sewing,Sunday,6,0.8,11.61,539.0,6975,50,0.0,0,0,31.0,0.879714482,high
44,2015-01-04,Quarter1,finishing,Sunday,4,0.8,3.94,0.0,6600,0,0.0,0,0,20.0,0.861679012,high
45,2015-01-04,Quarter1,sewing,Sunday,9,0.8,26.16,1278.0,7080,60,0.0,0,0,59.0,0.850569492,high
46,2015-01-04,Quarter1,sewing,Sunday,7,0.8,25.9,1227.0,7020,60,0.0,0,0,56.5,0.850436438,high
47,2015-01-04,Quarter1,sewing,Sunday,8,0.8,25.9,1039.0,6780,45,0.0,0,0,56.5,0.850345133,high
48,2015-01-04,Quarter1,sewing,Sunday,4,0.8,28.08,878.0,4260,50,0.0,0,0,55.5,0.800598058,high
49,2015-01-04,Quarter1,sewing,Sunday,1,0.8,26.16,1033.0,7080,63,0.0,0,0,59.0,0.800318644,high
50,2015-01-04,Quarter1,sewing,Sunday,2,0.8,28.08,782.0,6660,50,0.0,0,0,55.5,0.800237838,high
51,2015-01-04,Quarter1,sewing,Sunday,12,0.8,11.61,1216.0,6975,50,0.0,0,0,31.0,0.800030199,high
52,2015-01-04,Quarter1,finishing,Sunday,2,0.8,3.94,0.0,960,0,0.0,0,0,8.0,0.792104167,medium
53,2015-01-04,Quarter1,finishing,Sunday,10,0.7,3.94,0.0,4320,0,0.0,0,0,18.0,0.759228395,medium
54,2015-01-04,Quarter1,sewing,Sunday,11,0.75,19.31,513.0,6480,45,0.0,0,0,54.0,0.750348457,medium
55,2015-01-04,Quarter1,sewing,Sunday,3,0.75,19.87,734.0,6600,45,0.0,0,0,55.0,0.75024303,medium
56,2015-01-04,Quarter1,sewing,Sunday,10,0.7,28.08,1202.0,6900,40,0.0,0,0,57.5,0.699965217,medium
57,2015-01-04,Quarter1,finishing,Sunday,8,0.8,2.9,0.0,960,0,0.0,0,0,8.0,0.682708333,medium
58,2015-01-04,Quarter1,finishing,Sunday,7,0.8,2.9,0.0,960,0,0.0,0,0,8.0,0.667604167,medium
59,2015-01-04,Quarter1,sewing,Sunday,5,0.7,45.67,884.0,6960,26,0.0,0,0,58.0,0.603432184,medium
60,2015-01-04,Quarter1,finishing,Sunday,11,0.75,4.15,0.0,960,0,0.0,0,0,8.0,0.345833333,low
61,2015-01-05,Quarter1,finishing,Monday,1,0.8,3.94,0.0,1920,0,0.0,0,0,8.0,0.961059028,high
62,2015-01-05,Quarter1,finishing,Monday,11,0.8,3.94,0.0,2400,0,0.0,0,0,10.0,0.939513889,high
63,2015-01-05,Quarter1,finishing,Monday,4,0.8,3.94,0.0,3840,0,0.0,0,0,16.0,0.893663194,high
64,2015-01-05,Quarter1,finishing,Monday,3,0.75,4.15,0.0,1920,0,0.0,0,0,8.0,0.875390625,high
65,2015-01-05,Quarter1,sewing,Monday,9,0.8,26.16,1227.0,7080,75,0.0,0,0,59.0,0.850569492,high
66,2015-01-05,Quarter1,finishing,Monday,9,0.8,2.9,0.0,1920,0,0.0,0,0,8.0,0.820833333,high
67,2015-01-05,Quarter1,finishing,Monday,2,0.8,3.94,0.0,960,0,0.0,0,0,8.0,0.804416667,high
68,2015-01-05,Quarter1,sewing,Monday,7,0.8,25.9,1255.0,6780,50,0.0,0,0,56.5,0.800684366,high
69,2015-01-05,Quarter1,sewing,Monday,8,0.8,25.9,1047.0,6780,38,0.0,0,0,56.5,0.800684366,high
70,2015-01-05,Quarter1,sewing,Monday,1,0.8,26.16,1138.0,7080,63,0.0,0,0,59.0,0.800318644,high
71,2015-01-05,Quarter1,sewing,Monday,11,0.8,19.31,678.0,4800,50,0.0,0,0,55.0,0.800250962,high
72,2015-01-05,Quarter1,sewing,Monday,6,0.8,11.61,712.0,7200,50,0.0,0,0,32.0,0.800246011,high
73,2015-01-05,Quarter1,sewing,Monday,12,0.8,11.61,1037.0,7200,50,0.0,0,0,32.0,0.800246011,high
74,2015-01-05,Quarter1,sewing,Monday,2,0.8,28.08,757.0,6900,50,0.0,0,0,57.5,0.800076522,high
75,2015-01-05,Quarter1,sewing,Monday,4,0.8,28.08,759.0,6900,50,0.0,0,0,57.5,0.800076522,high
76,2015-01-05,Quarter1,finishing,Monday,10,0.75,2.9,0.0,960,0,0.0,0,0,8.0,0.763375,medium
77,2015-01-05,Quarter1,finishing,Monday,5,0.6,2.9,0.0,960,0,0.0,0,0,8.0,0.759270833,medium
78,2015-01-05,Quarter1,sewing,Monday,10,0.75,28.08,1083.0,7020,45,0.0,0,0,58.5,0.7504,medium
79,2015-01-05,Quarter1,sewing,Monday,3,0.75,19.87,944.0,6600,45,0.0,0,0,55.0,0.75024303,medium
80,2015-01-05,Quarter1,finishing,Monday,7,0.8,3.94,0.0,960,0,0.0,0,0,8.0,0.676666667,medium
81,2015-01-05,Quarter1,finishing,Monday,8,0.8,2.9,0.0,960,0,0.0,0,0,8.0,0.664583333,medium
82,2015-01-05,Quarter1,sewing,Monday,5,0.6,21.98,666.0,6960,23,0.0,0,0,58.0,0.600028736,medium
83,2015-01-06,Quarter1,finishing,Tuesday,4,0.8,3.94,0.0,4440,0,0.0,0,0,18.0,0.966781346,high
84,2015-01-06,Quarter1,finishing,Tuesday,1,0.8,3.94,0.0,1440,0,0.0,0,0,8.0,0.936496212,high
85,2015-01-06,Quarter1,finishing,Tuesday,3,0.75,4.15,0.0,1800,0,0.0,0,0,10.0,0.899166667,high
86,2015-01-06,Quarter1,finishing,Tuesday,11,0.8,4.15,0.0,2700,0,0.0,0,0,15.0,0.888686869,high
87,2015-01-06,Quarter1,finishing,Tuesday,9,0.8,3.94,0.0,1440,0,0.0,0,0,8.0,0.858143939,high
88,2015-01-06,Quarter1,sewing,Tuesday,1,0.8,26.16,1187.0,10620,75,0.0,0,0,59.0,0.850502311,high
89,2015-01-06,Quarter1,sewing,Tuesday,9,0.8,26.16,1305.0,10620,75,0.0,0,0,59.0,0.850502311,high
90,2015-01-06,Quarter1,finishing,Tuesday,10,0.75,3.94,0.0,1440,0,0.0,0,0,8.0,0.809640152,high
91,2015-01-06,Quarter1,finishing,Tuesday,2,0.8,3.94,0.0,1440,0,0.0,0,0,8.0,0.805909091,high
92,2015-01-06,Quarter1,sewing,Tuesday,2,0.8,28.08,716.0,10350,50,0.0,0,0,57.5,0.800594466,high
93,2015-01-06,Quarter1,sewing,Tuesday,4,0.8,28.08,925.0,10350,50,0.0,0,0,57.5,0.800594466,high
94,2015-01-06,Quarter1,sewing,Tuesday,3,0.8,19.87,963.0,9900,50,0.0,0,0,55.0,0.800273829,high
95,2015-01-06,Quarter1,sewing,Tuesday,12,0.8,11.61,1101.0,5310,50,0.0,0,0,31.5,0.800140969,high
96,2015-01-06,Quarter1,sewing,Tuesday,7,0.8,25.9,1035.0,10170,38,0.0,0,0,56.5,0.800128721,high
97,2015-01-06,Quarter1,sewing,Tuesday,8,0.8,25.9,1083.0,10170,38,0.0,0,0,56.5,0.800128721,high
98,2015-01-06,Quarter1,sewing,Tuesday,6,0.8,11.61,910.0,4470,38,0.0,0,0,31.5,0.80007657,high
99,2015-01-06,Quarter1,sewing,Tuesday,10,0.75,28.08,1209.0,10530,45,0.0,0,0,58.5,0.750545455,medium
100,2015-01-06,Quarter1,sewing,Tuesday,11,0.75,19.31,590.0,9900,45,0.0,0,0,55.0,0.750057851,medium
101,2015-01-06,Quarter1,finishing,Tuesday,8,0.8,2.9,0.0,1440,0,0.0,0,0,8.0,0.681060606,medium
102,2015-01-06,Quarter1,sewing,Tuesday,5,0.65,21.98,808.0,10440,35,0.0,0,0,58.0,0.649983281,medium
103,2015-01-06,Quarter1,finishing,Tuesday,7,0.8,2.9,0.0,1440,0,0.0,0,0,8.0,0.61625,medium
104,2015-01-07,Quarter1,finishing,Wednesday,1,0.8,3.94,0.0,1440,0,0.0,0,0,8.0,0.951420455,high
105,2015-01-07,Quarter1,finishing,Wednesday,9,0.8,3.94,0.0,1440,0,0.0,0,0,8.0,0.880530303,high
106,2015-01-07,Quarter1,sewing,Wednesday,1,0.8,26.16,1179.0,10620,75,0.0,0,0,59.0,0.850502311,high
107,2015-01-07,Quarter1,sewing,Wednesday,9,0.8,26.16,1324.0,10620,75,0.0,0,0,59.0,0.850502311,high
108,2015-01-07,Quarter1,sewing,Wednesday,8,0.8,25.9,1135.0,10170,60,0.0,0,0,56.5,0.850136766,high
109,2015-01-07,Quarter1,finishing,Wednesday,3,0.75,4.15,0.0,2700,0,0.0,0,0,15.0,0.83,high
110,2015-01-07,Quarter1,finishing,Wednesday,4,0.8,3.94,0.0,4440,0,0.0,0,0,18.0,0.827186544,high
111,2015-01-07,Quarter1,finishing,Wednesday,2,0.8,3.94,0.0,1440,0,0.0,0,0,8.0,0.813371212,high
112,2015-01-07,Quarter1,finishing,Wednesday,10,0.75,3.94,0.0,1440,0,0.0,0,0,8.0,0.805909091,high
113,2015-01-07,Quarter1,finishing,Wednesday,7,0.8,2.9,0.0,1440,0,0.0,0,0,8.0,0.804640152,high
114,2015-01-07,Quarter1,sewing,Wednesday,2,0.8,28.08,776.0,10350,63,0.0,0,0,57.5,0.800594466,high
115,2015-01-07,Quarter1,sewing,Wednesday,4,0.8,28.08,990.0,10350,50,0.0,0,0,57.5,0.800594466,high
116,2015-01-07,Quarter1,sewing,Wednesday,6,0.8,11.41,986.0,5490,50,0.0,0,0,30.5,0.800343766,high
117,2015-01-07,Quarter1,sewing,Wednesday,3,0.8,19.87,924.0,9900,50,0.0,0,0,55.0,0.800273829,high
118,2015-01-07,Quarter1,sewing,Wednesday,12,0.8,11.61,1120.0,5670,50,0.0,0,0,31.5,0.800246753,high
119,2015-01-07,Quarter1,sewing,Wednesday,7,0.8,25.9,1066.0,10170,50,0.0,0,0,56.5,0.800128721,high
120,2015-01-07,Quarter1,sewing,Wednesday,10,0.75,28.08,1144.0,10530,69,0.0,0,0,58.5,0.8,medium
121,2015-01-07,Quarter1,sewing,Wednesday,5,0.7,21.98,413.0,9720,40,0.0,0,0,58.0,0.700480831,medium
122,2015-01-07,Quarter1,finishing,Wednesday,8,0.8,2.9,0.0,1440,0,0.0,0,0,8.0,0.681060606,medium
123,2015-01-07,Quarter1,finishing,Wednesday,6,0.8,2.9,0.0,1800,0,0.0,0,0,10.0,0.666515152,medium
124,2015-01-07,Quarter1,sewing,Wednesday,11,0.8,31.83,568.0,9900,40,0.0,0,0,55.0,0.412119835,low
125,2015-01-07,Quarter1,finishing,Wednesday,5,0.7,4.15,0.0,1440,0,0.0,0,0,8.0,0.330113636,low
126,2015-01-08,Quarter2,finishing,Thursday,1,0.8,3.94,0.0,1440,0,0.0,0,0,8.0,0.947689394,high
127,2015-01-08,Quarter2,finishing,Thursday,4,0.8,3.94,0.0,12600,0,0.0,0,0,20.0,0.919905405,high
128,2015-01-08,Quarter2,sewing,Thursday,9,0.8,26.16,1216.0,10620,88,0.0,0,0,59.0,0.900215716,high
129,2015-01-08,Quarter2,finishing,Thursday,9,0.8,3.94,0.0,1440,0,0.0,0,0,8.0,0.891723485,high
130,2015-01-08,Quarter2,sewing,Thursday,1,0.8,26.16,1189.0,10620,75,0.0,0,0,59.0,0.850502311,high
131,2015-01-08,Quarter2,sewing,Thursday,4,0.8,28.08,942.0,10530,75,0.0,0,0,58.5,0.850181818,high
132,2015-01-08,Quarter2,sewing,Thursday,7,0.8,25.9,1050.0,10170,60,0.0,0,0,56.5,0.850136766,high
133,2015-01-08,Quarter2,sewing,Thursday,8,0.8,25.9,1026.0,10170,60,0.0,0,0,56.5,0.850136766,high
134,2015-01-08,Quarter2,finishing,Thursday,2,0.8,3.94,0.0,1440,0,0.0,0,0,8.0,0.835757576,high
135,2015-01-08,Quarter2,finishing,Thursday,5,0.7,4.15,0.0,3840,0,0.0,0,0,8.0,0.821354167,high
136,2015-01-08,Quarter2,sewing,Thursday,2,0.8,28.08,783.0,10050,63,0.0,0,0,58.5,0.800497246,high
137,2015-01-08,Quarter2,sewing,Thursday,3,0.8,19.87,857.0,9900,50,0.0,0,0,55.0,0.800273829,high
138,2015-01-08,Quarter2,sewing,Thursday,12,0.8,11.61,548.0,15120,63,0.0,0,0,31.5,0.800107143,high
139,2015-01-08,Quarter2,sewing,Thursday,6,0.8,11.41,411.0,14640,50,0.0,0,0,30.5,0.800024932,high
140,2015-01-08,Quarter2,sewing,Thursday,10,0.75,28.08,1066.0,10530,69,0.0,0,0,58.5,0.8,medium
141,2015-01-08,Quarter2,finishing,Thursday,10,0.75,3.94,0.0,1440,0,0.0,0,0,8.0,0.779791667,medium
142,2015-01-08,Quarter2,finishing,Thursday,8,0.8,2.9,0.0,1440,0,0.0,0,0,8.0,0.735984848,medium
143,2015-01-08,Quarter2,finishing,Thursday,3,0.75,4.15,0.0,2160,0,0.0,0,0,12.0,0.712626263,medium
144,2015-01-08,Quarter2,finishing,Thursday,7,0.8,2.9,0.0,1440,0,0.0,0,0,8.0,0.681060606,medium
145,2015-01-08,Quarter2,finishing,Thursday,11,0.8,4.15,0.0,900,0,0.0,0,0,5.0,0.515606061,low
146,2015-01-08,Quarter2,sewing,Thursday,11,0.35,12.52,287.0,25920,38,0.0,0,0,54.0,0.349951389,low
147,2015-01-08,Quarter2,sewing,Thursday,5,0.7,42.41,724.0,10260,0,0.0,0,0,57.0,0.233705476,low
148,2015-01-10,Quarter2,finishing,Saturday,1,0.8,3.94,0.0,2160,0,0.0,0,0,8.0,0.985,high
149,2015-01-10,Quarter2,finishing,Saturday,3,0.75,4.15,0.0,2760,0,0.0,0,0,12.0,0.930340376,high
150,2015-01-10,Quarter2,finishing,Saturday,4,0.8,3.94,0.0,6000,0,0.0,0,0,20.0,0.911589744,high
151,2015-01-10,Quarter2,finishing,Saturday,9,0.8,3.94,0.0,1440,0,0.0,0,0,8.0,0.858143939,high
152,2015-01-10,Quarter2,sewing,Saturday,9,0.8,26.16,1122.0,10620,75,0.0,0,0,59.0,0.851174114,high
153,2015-01-10,Quarter2,sewing,Saturday,7,0.8,25.9,970.0,10170,60,0.0,0,0,56.5,0.850136766,high
154,2015-01-10,Quarter2,sewing,Saturday,8,0.8,25.9,1158.0,10170,60,0.0,0,0,56.5,0.850136766,high
155,2015-01-10,Quarter2,finishing,Saturday,10,0.8,3.94,0.0,1440,0,0.0,0,0,8.0,0.846950758,high
156,2015-01-10,Quarter2,finishing,Saturday,11,0.8,4.15,0.0,1440,0,0.0,0,0,8.0,0.817424242,high
157,2015-01-10,Quarter2,finishing,Saturday,2,0.8,3.94,0.0,1440,0,0.0,0,0,8.0,0.817102273,high
158,2015-01-10,Quarter2,sewing,Saturday,4,0.8,28.08,660.0,10440,63,0.0,0,0,58.0,0.801028213,high
159,2015-01-10,Quarter2,sewing,Saturday,2,0.8,28.08,749.0,10350,63,0.0,0,0,57.5,0.800594466,high
160,2015-01-10,Quarter2,sewing,Saturday,12,0.8,11.61,893.0,4710,50,0.0,0,0,31.5,0.800346445,high
161,2015-01-10,Quarter2,sewing,Saturday,6,0.8,11.41,887.0,5490,50,0.0,0,0,30.5,0.800343766,high
162,2015-01-10,Quarter2,sewing,Saturday,1,0.8,26.16,1335.0,10620,63,0.0,0,0,59.0,0.800117103,high
163,2015-01-10,Quarter2,sewing,Saturday,10,0.8,28.08,1082.0,10530,63,0.0,0,0,58.5,0.8,medium
164,2015-01-10,Quarter2,sewing,Saturday,3,0.75,19.87,1075.0,7080,45,0.0,0,0,56.0,0.750098351,medium
165,2015-01-10,Quarter2,sewing,Saturday,11,0.5,12.52,749.0,9540,38,0.0,0,0,53.0,0.673245283,medium
166,2015-01-10,Quarter2,finishing,Saturday,7,0.8,2.9,0.0,1440,0,0.0,0,0,8.0,0.670075758,medium
167,2015-01-10,Quarter2,finishing,Saturday,8,0.8,2.9,0.0,1440,0,0.0,0,0,8.0,0.628882576,medium
168,2015-01-10,Quarter2,sewing,Saturday,5,0.5,20.79,966.0,7680,0,0.0,0,0,56.0,0.388007813,low
169,2015-01-10,Quarter2,finishing,Saturday,5,0.5,4.15,0.0,1440,0,0.0,0,0,8.0,0.337973485,low
170,2015-01-11,Quarter2,finishing,Sunday,3,0.75,4.15,0.0,1440,0,0.0,0,0,8.0,0.93532197,high
171,2015-01-11,Quarter2,finishing,Sunday,4,0.8,3.94,0.0,3600,0,0.0,0,0,20.0,0.925643939,high
172,2015-01-11,Quarter2,sewing,Sunday,9,0.8,26.16,1095.0,10620,88,0.0,0,0,59.0,0.900215716,high
173,2015-01-11,Quarter2,finishing,Sunday,1,0.8,3.94,0.0,1440,0,0.0,0,0,8.0,0.873068182,high
174,2015-01-11,Quarter2,finishing,Sunday,9,0.8,3.94,0.0,1440,0,0.0,0,0,8.0,0.858143939,high
175,2015-01-11,Quarter2,sewing,Sunday,1,0.8,26.16,1383.0,10620,75,0.0,0,0,59.0,0.850502311,high
176,2015-01-11,Quarter2,sewing,Sunday,7,0.8,25.9,1012.0,10170,45,0.0,0,0,56.5,0.850136766,high
177,2015-01-11,Quarter2,sewing,Sunday,8,0.8,25.9,1209.0,10170,60,0.0,0,0,56.5,0.850136766,high
178,2015-01-11,Quarter2,finishing,Sunday,10,0.8,3.94,0.0,1440,0,0.0,0,0,8.0,0.828295455,high
179,2015-01-11,Quarter2,finishing,Sunday,2,0.8,3.94,0.0,1440,0,0.0,0,0,8.0,0.820833333,high
180,2015-01-11,Quarter2,sewing,Sunday,6,0.8,11.41,887.0,5490,50,0.0,0,0,30.5,0.800343766,high
181,2015-01-11,Quarter2,sewing,Sunday,12,0.8,11.61,896.0,5670,50,0.0,0,0,31.5,0.800246753,high
182,2015-01-11,Quarter2,sewing,Sunday,2,0.8,28.08,805.0,10530,63,0.0,0,0,58.5,0.8,medium
183,2015-01-11,Quarter2,sewing,Sunday,10,0.8,28.08,762.0,10530,38,0.0,0,0,58.5,0.8,medium
184,2015-01-11,Quarter2,sewing,Sunday,3,0.8,19.87,1043.0,6420,0,0.0,0,0,55.0,0.690182815,medium
185,2015-01-11,Quarter2,finishing,Sunday,11,0.8,4.15,0.0,1440,0,0.0,0,0,8.0,0.668087121,medium
186,2015-01-11,Quarter2,finishing,Sunday,8,0.8,2.9,0.0,1440,0,0.0,0,0,8.0,0.653598485,medium
187,2015-01-11,Quarter2,finishing,Sunday,5,0.5,4.15,0.0,1440,0,0.0,0,0,8.0,0.609138258,medium
188,2015-01-11,Quarter2,sewing,Sunday,11,0.6,12.52,831.0,9540,30,0.0,0,0,53.0,0.600229846,medium
189,2015-01-11,Quarter2,finishing,Sunday,6,0.8,2.9,0.0,1440,0,0.0,0,0,8.0,0.597348485,low
190,2015-01-11,Quarter2,finishing,Sunday,7,0.8,2.9,0.0,1440,0,0.0,0,0,8.0,0.590435606,low
191,2015-01-11,Quarter2,sewing,Sunday,4,0.8,50.48,562.0,10440,0,0.0,0,0,58.0,0.473134796,low
192,2015-01-11,Quarter2,sewing,Sunday,5,0.6,20.79,1208.0,7980,0,0.0,0,0,57.0,0.452979626,low
193,2015-01-12,Quarter2,finishing,Monday,1,0.8,3.94,0.0,1440,0,0.0,0,0,8.0,0.955151515,high
194,2015-01-12,Quarter2,finishing,Monday,4,0.35,4.3,0.0,3240,0,0.0,0,0,18.0,0.942213805,high
195,2015-01-12,Quarter2,finishing,Monday,3,0.8,4.15,0.0,1800,0,0.0,0,0,10.0,0.905454545,high
196,2015-01-12,Quarter2,finishing,Monday,2,0.8,3.94,0.0,1440,0,0.0,0,0,8.0,0.880530303,high
197,2015-01-12,Quarter2,finishing,Monday,9,0.8,3.94,0.0,1440,0,0.0,0,0,8.0,0.858143939,high
198,2015-01-12,Quarter2,sewing,Monday,1,0.8,26.16,1099.0,8220,75,0.0,0,0,59.0,0.850522167,high
199,2015-01-12,Quarter2,sewing,Monday,9,0.8,26.16,1093.0,10620,75,0.0,0,0,59.0,0.850502311,high
200,2015-01-12,Quarter2,sewing,Monday,7,0.8,25.9,1031.0,10170,60,0.0,0,0,56.5,0.850136766,high
201,2015-01-12,Quarter2,sewing,Monday,8,0.8,25.9,1233.0,10170,60,0.0,0,0,56.5,0.850136766,high
202,2015-01-12,Quarter2,finishing,Monday,6,0.8,2.9,0.0,1440,0,0.0,0,0,8.0,0.817424242,high
203,2015-01-12,Quarter2,finishing,Monday,5,0.65,4.15,0.0,1440,0,0.0,0,0,8.0,0.809564394,high
204,2015-01-12,Quarter2,sewing,Monday,3,0.8,19.87,941.0,9900,0,0.0,0,0,55.0,0.800273829,high
205,2015-01-12,Quarter2,sewing,Monday,6,0.8,11.41,843.0,5670,50,0.0,0,0,31.5,0.800181818,high
206,2015-01-12,Quarter2,sewing,Monday,12,0.8,11.61,760.0,4470,50,0.0,0,0,31.5,0.80007657,high
207,2015-01-12,Quarter2,sewing,Monday,2,0.8,28.08,737.0,10530,63,0.0,0,0,58.5,0.8,medium
208,2015-01-12,Quarter2,finishing,Monday,8,0.8,2.9,0.0,1440,0,0.0,0,0,8.0,0.725,medium
209,2015-01-12,Quarter2,sewing,Monday,10,0.8,50.48,381.0,6930,45,0.0,0,0,58.5,0.688557555,medium
210,2015-01-12,Quarter2,sewing,Monday,5,0.65,20.79,1141.0,8460,0,0.0,0,0,59.0,0.650040783,medium
211,2015-01-12,Quarter2,sewing,Monday,11,0.65,12.52,1004.0,9540,44,0.0,0,0,53.0,0.64998056,medium
212,2015-01-12,Quarter2,finishing,Monday,7,0.8,2.9,0.0,1440,0,0.0,0,0,8.0,0.648106061,medium
213,2015-01-12,Quarter2,finishing,Monday,11,0.8,4.15,0.0,1440,0,0.0,0,0,8.0,0.640577652,medium
214,2015-01-12,Quarter2,sewing,Monday,4,0.35,22.4,581.0,7350,0,0.0,0,0,51.5,0.35063299,low
215,2015-01-12,Quarter2,finishing,Monday,10,0.8,3.94,0.0,1440,0,0.0,0,0,8.0,0.24625,low
216,2015-01-13,Quarter2,finishing,Tuesday,4,0.35,4.3,0.0,2160,0,0.0,0,0,12.0,0.952020202,high
217,2015-01-13,Quarter2,finishing,Tuesday,1,0.8,3.94,0.0,1440,0,0.0,0,0,2.0,0.951420455,high
218,2015-01-13,Quarter2,finishing,Tuesday,10,0.8,3.94,0.0,5400,0,0.0,0,0,20.0,0.912766667,high
219,2015-01-13,Quarter2,finishing,Tuesday,3,0.8,4.15,0.0,1620,0,0.0,0,0,9.0,0.901262626,high
220,2015-01-13,Quarter2,finishing,Tuesday,9,0.8,3.94,0.0,1440,0,0.0,0,0,8.0,0.858143939,high
221,2015-01-13,Quarter2,sewing,Tuesday,1,0.8,26.16,1073.0,10620,75,0.0,0,0,59.0,0.850502311,high
222,2015-01-13,Quarter2,sewing,Tuesday,9,0.8,26.16,1156.0,10620,75,0.0,0,0,59.0,0.850502311,high
223,2015-01-13,Quarter2,sewing,Tuesday,8,0.8,25.9,1211.0,10260,60,0.0,0,0,57.0,0.850252525,high
224,2015-01-13,Quarter2,sewing,Tuesday,7,0.8,25.9,1126.0,10170,60,0.0,0,0,56.5,0.850136766,high
225,2015-01-13,Quarter2,finishing,Tuesday,5,0.65,4.15,0.0,1440,0,0.0,0,0,8.0,0.821354167,high
226,2015-01-13,Quarter2,finishing,Tuesday,2,0.8,3.94,0.0,1440,0,0.0,0,0,8.0,0.805909091,high
227,2015-01-13,Quarter2,sewing,Tuesday,6,0.8,11.61,1004.0,5670,50,0.0,0,0,31.5,0.800246753,high
228,2015-01-13,Quarter2,sewing,Tuesday,12,0.8,11.61,1063.0,5670,50,0.0,0,0,31.5,0.800246753,high
229,2015-01-13,Quarter2,sewing,Tuesday,2,0.8,28.08,723.0,10530,50,0.0,0,0,58.5,0.8,medium
230,2015-01-13,Quarter2,sewing,Tuesday,3,0.8,42.27,465.0,9900,54,0.0,0,0,55.0,0.705576584,medium
231,2015-01-13,Quarter2,finishing,Tuesday,8,0.8,2.9,0.0,1440,0,0.0,0,0,8.0,0.681060606,medium
232,2015-01-13,Quarter2,finishing,Tuesday,7,0.8,2.9,0.0,1440,0,0.0,0,0,8.0,0.670075758,medium
233,2015-01-13,Quarter2,finishing,Tuesday,11,0.8,4.15,0.0,1440,0,0.0,0,0,8.0,0.601278409,medium
234,2015-01-13,Quarter2,sewing,Tuesday,11,0.7,27.13,530.0,9540,37,0.0,0,0,53.0,0.582301029,low
235,2015-01-13,Quarter2,sewing,Tuesday,5,0.7,20.79,1297.0,10440,0,0.0,0,0,58.0,0.526810345,low
236,2015-01-13,Quarter2,sewing,Tuesday,4,0.5,22.4,783.0,10170,23,0.0,0,0,56.5,0.500380799,low
237,2015-01-13,Quarter2,sewing,Tuesday,10,0.35,22.4,715.0,10170,23,0.0,0,0,56.5,0.35020649,low
238,2015-01-14,Quarter2,finishing,Wednesday,11,0.8,4.15,0.0,1980,0,0.0,0,0,7.0,0.934607438,high
239,2015-01-14,Quarter2,finishing,Wednesday,4,0.35,4.3,0.0,2700,0,0.0,0,0,8.0,0.908080808,high
240,2015-01-14,Quarter2,sewing,Wednesday,7,0.8,25.9,1150.0,10170,70,0.0,0,0,56.5,0.900144811,high
241,2015-01-14,Quarter2,finishing,Wednesday,1,0.8,3.94,0.0,1440,0,0.0,0,0,8.0,0.891723485,high
242,2015-01-14,Quarter2,finishing,Wednesday,5,0.65,4.15,0.0,1440,0,0.0,0,0,15.0,0.864583333,high
243,2015-01-14,Quarter2,finishing,Wednesday,9,0.8,3.94,0.0,1440,0,0.0,0,0,8.0,0.858143939,high
244,2015-01-14,Quarter2,sewing,Wednesday,9,0.8,26.16,1232.0,10620,75,0.0,0,0,59.0,0.850502311,high
245,2015-01-14,Quarter2,sewing,Wednesday,8,0.8,25.9,1218.0,10170,60,0.0,0,0,56.5,0.850136766,high
246,2015-01-14,Quarter2,finishing,Wednesday,7,0.8,2.9,0.0,1440,0,0.0,0,0,8.0,0.837594697,high
247,2015-01-14,Quarter2,finishing,Wednesday,3,0.8,4.15,0.0,1440,0,0.0,0,0,7.0,0.820833333,high
248,2015-01-14,Quarter2,sewing,Wednesday,12,0.8,11.61,1159.0,2970,50,0.0,0,0,31.5,0.800313433,high
249,2015-01-14,Quarter2,sewing,Wednesday,6,0.8,11.61,972.0,5670,38,0.0,0,0,31.5,0.800246753,high
250,2015-01-14,Quarter2,sewing,Wednesday,1,0.8,26.16,1092.0,10620,63,0.0,0,0,59.0,0.800117103,high
251,2015-01-14,Quarter2,sewing,Wednesday,5,0.7,20.79,965.0,7320,0,0.0,0,0,58.0,0.700095563,medium
252,2015-01-14,Quarter2,finishing,Wednesday,8,0.8,2.9,0.0,1440,0,0.0,0,0,8.0,0.667329545,medium
253,2015-01-14,Quarter2,sewing,Wednesday,4,0.6,22.4,816.0,5100,23,0.0,0,0,57.0,0.600369686,medium
254,2015-01-14,Quarter2,sewing,Wednesday,10,0.5,22.4,947.0,3390,23,0.0,0,0,56.5,0.499980334,low
255,2015-01-14,Quarter2,sewing,Wednesday,11,0.35,14.61,838.0,7200,23,0.0,0,0,55.0,0.35003125,low
256,2015-01-14,Quarter2,finishing,Wednesday,10,0.8,3.94,0.0,1260,0,0.0,0,0,8.0,0.332359307,low
257,2015-01-14,Quarter2,sewing,Wednesday,2,0.8,51.02,1086.0,4260,27,0.0,0,0,57.0,0.311207464,low
258,2015-01-14,Quarter2,finishing,Wednesday,2,0.8,3.94,0.0,1260,0,0.0,0,0,8.0,0.247316017,low
259,2015-01-15,Quarter3,finishing,Thursday,4,0.35,4.3,0.0,3600,0,0.0,0,0,20.0,0.988636364,high
260,2015-01-15,Quarter3,finishing,Thursday,10,0.8,3.94,0.0,3420,0,0.0,0,0,19.0,0.953110048,high
261,2015-01-15,Quarter3,finishing,Thursday,1,0.8,3.94,0.0,1440,0,0.0,0,0,8.0,0.884261364,high
262,2015-01-15,Quarter3,finishing,Thursday,5,0.65,4.15,0.0,1440,0,0.0,0,0,8.0,0.860653409,high
263,2015-01-15,Quarter3,finishing,Thursday,9,0.8,3.94,0.0,1440,0,0.0,0,0,8.0,0.858143939,high
264,2015-01-15,Quarter3,sewing,Thursday,1,0.8,26.16,1160.0,10620,75,0.0,0,0,59.0,0.850502311,high
265,2015-01-15,Quarter3,sewing,Thursday,8,0.8,25.9,1177.0,8970,60,0.0,0,0,56.5,0.850415628,high
266,2015-01-15,Quarter3,sewing,Thursday,7,0.8,25.9,1281.0,10170,60,0.0,0,0,56.5,0.850136766,high
267,2015-01-15,Quarter3,sewing,Thursday,9,0.8,26.16,1369.0,10620,63,0.0,0,0,59.0,0.800117103,high
268,2015-01-15,Quarter3,sewing,Thursday,6,0.8,11.61,1084.0,4950,38,0.0,0,0,31.5,0.80003139,high
269,2015-01-15,Quarter3,sewing,Thursday,12,0.8,11.61,1216.0,4950,50,0.0,0,0,31.5,0.80003139,high
270,2015-01-15,Quarter3,sewing,Thursday,5,0.7,20.79,391.0,10440,0,0.0,0,0,58.0,0.700060345,medium
271,2015-01-15,Quarter3,finishing,Thursday,7,0.8,2.9,0.0,1440,0,0.0,0,0,8.0,0.689299242,medium
272,2015-01-15,Quarter3,sewing,Thursday,3,0.5,22.52,1102.0,10170,30,0.0,0,0,56.5,0.660683293,medium
273,2015-01-15,Quarter3,sewing,Thursday,4,0.65,22.52,872.0,10080,26,0.0,0,0,56.0,0.650130952,medium
274,2015-01-15,Quarter3,finishing,Thursday,8,0.8,2.9,0.0,1440,0,0.0,0,0,8.0,0.606912879,medium
275,2015-01-15,Quarter3,sewing,Thursday,10,0.6,22.52,1076.0,10170,23,0.0,0,0,56.5,0.600291767,medium
276,2015-01-15,Quarter3,sewing,Thursday,11,0.5,14.89,917.0,9900,30,0.0,0,0,55.0,0.500025069,low
277,2015-01-15,Quarter3,sewing,Thursday,2,0.5,22.94,1044.0,9810,23,0.0,0,0,54.5,0.499998888,low
278,2015-01-17,Quarter3,finishing,Saturday,5,0.65,4.15,0.0,2700,0,0.0,0,0,15.0,0.98719697,high
279,2015-01-17,Quarter3,finishing,Saturday,2,0.8,3.94,0.0,1800,0,0.0,0,0,10.0,0.980909091,high
280,2015-01-17,Quarter3,finishing,Saturday,10,0.8,3.94,0.0,1440,0,0.0,0,0,8.0,0.974621212,high
281,2015-01-17,Quarter3,finishing,Saturday,1,0.8,3.94,0.0,1440,0,0.0,0,0,8.0,0.884261364,high
282,2015-01-17,Quarter3,finishing,Saturday,9,0.8,3.94,0.0,1800,0,0.0,0,0,10.0,0.82680303,high
283,2015-01-17,Quarter3,sewing,Saturday,6,0.8,11.41,1067.0,5490,63,0.0,0,0,30.5,0.800343766,high
284,2015-01-17,Quarter3,sewing,Saturday,12,0.8,11.61,1039.0,5670,63,0.0,0,0,31.5,0.800246753,high
285,2015-01-17,Quarter3,sewing,Saturday,7,0.8,25.9,1396.0,10170,50,0.0,0,0,56.5,0.800128721,high
286,2015-01-17,Quarter3,sewing,Saturday,8,0.8,25.9,1292.0,10170,50,0.0,0,0,56.5,0.800128721,high
287,2015-01-17,Quarter3,sewing,Saturday,1,0.8,48.68,171.0,10620,63,0.0,0,0,59.0,0.800117103,high
288,2015-01-17,Quarter3,sewing,Saturday,9,0.8,26.16,1128.0,10620,63,0.0,0,0,59.0,0.800117103,high
289,2015-01-17,Quarter3,sewing,Saturday,2,0.6,22.94,865.0,6570,23,0.0,0,0,56.5,0.77011398,medium
290,2015-01-17,Quarter3,sewing,Saturday,4,0.7,22.52,825.0,10170,50,0.0,0,0,56.5,0.7005417,medium
291,2015-01-17,Quarter3,finishing,Saturday,8,0.8,2.9,0.0,1440,0,0.0,0,0,8.0,0.675568182,medium
292,2015-01-17,Quarter3,finishing,Saturday,7,0.8,2.9,0.0,1440,0,0.0,0,0,8.0,0.661837121,medium
293,2015-01-17,Quarter3,sewing,Saturday,10,0.65,22.52,1163.0,9720,35,0.0,0,0,54.0,0.650198653,medium
294,2015-01-17,Quarter3,sewing,Saturday,3,0.6,22.52,1140.0,10170,30,0.0,0,0,56.5,0.600291767,medium
295,2015-01-17,Quarter3,sewing,Saturday,11,0.6,14.89,1027.0,10080,38,0.0,0,0,56.0,0.600273268,medium
296,2015-01-17,Quarter3,finishing,Saturday,6,0.8,2.9,0.0,900,0,0.0,0,0,5.0,0.465757576,low
297,2015-01-17,Quarter3,sewing,Saturday,5,0.7,41.19,1052.0,10440,21,0.0,0,0,58.0,0.452012539,low
298,2015-01-17,Quarter3,finishing,Saturday,11,0.8,4.15,0.0,1260,0,0.0,0,0,7.0,0.313852814,low
299,2015-01-18,Quarter3,finishing,Sunday,5,0.6,4.15,0.0,1440,0,0.0,0,0,8.0,0.852793561,high
300,2015-01-18,Quarter3,finishing,Sunday,11,0.65,4.15,0.0,2160,0,0.0,0,0,12.0,0.838383838,high
301,2015-01-18,Quarter3,finishing,Sunday,6,0.8,2.9,0.0,1800,0,0.0,0,0,10.0,0.804848485,high
302,2015-01-18,Quarter3,sewing,Sunday,6,0.8,11.41,1140.0,5490,63,0.0,0,0,30.5,0.800343766,high
303,2015-01-18,Quarter3,sewing,Sunday,7,0.8,48.84,624.0,10170,50,0.0,0,0,56.5,0.800128721,high
304,2015-01-18,Quarter3,sewing,Sunday,8,0.8,25.9,1288.0,10170,38,0.0,0,0,56.5,0.800128721,high
305,2015-01-18,Quarter3,sewing,Sunday,9,0.8,26.16,1381.0,3660,50,0.0,0,0,59.0,0.800015009,high
306,2015-01-18,Quarter3,sewing,Sunday,4,0.7,22.52,882.0,10170,50,0.0,0,0,56.5,0.7005417,medium
307,2015-01-18,Quarter3,sewing,Sunday,10,0.7,22.52,1002.0,10080,40,0.0,0,0,56.0,0.700094156,medium
308,2015-01-18,Quarter3,finishing,Sunday,7,0.8,2.9,0.0,1440,0,0.0,0,0,8.0,0.692045455,medium
309,2015-01-18,Quarter3,sewing,Sunday,12,0.8,26.87,585.0,5670,56,0.0,0,0,31.5,0.662255892,medium
310,2015-01-18,Quarter3,sewing,Sunday,3,0.65,22.52,1138.0,10170,35,0.0,0,0,56.5,0.650416734,medium
311,2015-01-18,Quarter3,sewing,Sunday,11,0.65,14.89,1140.0,10260,44,0.0,0,0,57.0,0.650299575,medium
312,2015-01-18,Quarter3,sewing,Sunday,2,0.65,22.94,1025.0,10170,26,0.0,0,0,56.5,0.650243497,medium
313,2015-01-18,Quarter3,finishing,Sunday,8,0.8,2.9,0.0,1440,0,0.0,0,0,8.0,0.639867424,medium
314,2015-01-18,Quarter3,sewing,Sunday,5,0.6,20.4,1031.0,10440,30,0.0,0,0,58.0,0.600062696,medium
315,2015-01-18,Quarter3,finishing,Sunday,9,0.8,3.94,0.0,1800,0,0.0,0,0,10.0,0.582045455,low
316,2015-01-18,Quarter3,sewing,Sunday,1,0.8,49.1,1381.0,10350,24,0.0,0,0,57.5,0.403242161,low
317,2015-01-18,Quarter3,finishing,Sunday,10,0.7,3.94,0.0,1440,0,0.0,0,0,8.0,0.235795455,low
318,2015-01-19,Quarter3,finishing,Monday,4,0.7,4.3,0.0,5040,0,0.0,0,0,28.0,0.977272727,high
319,2015-01-19,Quarter3,finishing,Monday,9,0.8,3.94,0.0,1800,0,0.0,0,0,10.0,0.964106061,high
320,2015-01-19,Quarter3,finishing,Monday,5,0.65,4.15,0.0,1440,0,0.0,0,0,8.0,0.958901515,high
321,2015-01-19,Quarter3,sewing,Monday,6,0.8,11.41,1028.0,4380,50,0.0,0,0,31.0,0.800358775,high
322,2015-01-19,Quarter3,sewing,Monday,8,0.8,25.9,1380.0,3630,50,0.0,0,0,56.5,0.800162602,high
323,2015-01-19,Quarter3,sewing,Monday,9,0.8,26.16,1196.0,10620,63,0.0,0,0,59.0,0.800117103,high
324,2015-01-19,Quarter3,finishing,Monday,12,0.8,2.9,0.0,1440,0,0.0,0,0,8.0,0.793844697,medium
325,2015-01-19,Quarter3,sewing,Monday,2,0.7,22.94,1006.0,10170,38,0.0,0,0,56.5,0.750517565,medium
326,2015-01-19,Quarter3,sewing,Monday,4,0.7,22.52,930.0,10260,63,0.0,0,0,57.0,0.750068049,medium
327,2015-01-19,Quarter3,sewing,Monday,3,0.7,22.52,1095.0,10170,50,0.0,0,0,56.5,0.750062751,medium
328,2015-01-19,Quarter3,sewing,Monday,10,0.7,22.52,938.0,10080,63,0.0,0,0,56.0,0.750057359,medium
329,2015-01-19,Quarter3,sewing,Monday,11,0.7,14.89,1484.0,10260,50,0.0,0,0,57.0,0.700170388,medium
330,2015-01-19,Quarter3,finishing,Monday,8,0.8,2.9,0.0,1440,0,0.0,0,0,8.0,0.683806818,medium
331,2015-01-19,Quarter3,sewing,Monday,5,0.65,20.4,1255.0,8280,35,0.0,0,0,58.0,0.650066445,medium
332,2015-01-19,Quarter3,sewing,Monday,7,0.8,48.84,1040.0,10260,30,0.0,0,0,57.0,0.576460393,low
333,2015-01-19,Quarter3,sewing,Monday,1,0.5,22.94,1492.0,10170,30,0.0,0,0,56.5,0.549969429,low
334,2015-01-19,Quarter3,finishing,Monday,10,0.7,3.94,0.0,1440,0,0.0,0,0,8.0,0.538399621,low
335,2015-01-19,Quarter3,finishing,Monday,11,0.7,4.15,0.0,1440,0,0.0,0,0,8.0,0.409545455,low
336,2015-01-19,Quarter3,sewing,Monday,12,0.35,15.26,1111.0,6120,23,0.0,0,0,34.0,0.35021836,low
337,2015-01-20,Quarter3,finishing,Tuesday,5,0.7,4.15,0.0,1440,0,0.0,0,0,8.0,1.033570076,high
338,2015-01-20,Quarter3,sewing,Tuesday,6,0.8,11.41,1047.0,5580,63,0.0,0,0,31.0,0.800261486,high
339,2015-01-20,Quarter3,sewing,Tuesday,8,0.8,25.9,1434.0,10170,50,0.0,0,0,56.5,0.800128721,high
340,2015-01-20,Quarter3,sewing,Tuesday,9,0.8,26.16,399.0,10620,63,0.0,0,0,59.0,0.800117103,high
341,2015-01-20,Quarter3,sewing,Tuesday,4,0.7,22.52,983.0,10260,63,0.0,0,0,57.0,0.750068049,medium
342,2015-01-20,Quarter3,sewing,Tuesday,10,0.7,22.52,1108.0,10080,63,0.0,0,0,56.0,0.750057359,medium
343,2015-01-20,Quarter3,sewing,Tuesday,3,0.7,22.52,1134.0,8460,50,0.0,0,0,57.0,0.750037968,medium
344,2015-01-20,Quarter3,sewing,Tuesday,2,0.7,22.94,1363.0,10260,50,0.0,0,0,57.0,0.750031898,medium
345,2015-01-20,Quarter3,finishing,Tuesday,9,0.8,3.94,0.0,1800,0,0.0,0,0,10.0,0.72830303,medium
346,2015-01-20,Quarter3,sewing,Tuesday,11,0.7,14.89,1501.0,10260,50,0.0,0,0,57.0,0.700170388,medium
347,2015-01-20,Quarter3,sewing,Tuesday,5,0.7,20.4,1352.0,10260,50,0.0,0,0,57.0,0.700063796,medium
348,2015-01-20,Quarter3,finishing,Tuesday,8,0.8,2.9,0.0,1440,0,0.0,0,0,8.0,0.639867424,medium
349,2015-01-20,Quarter3,sewing,Tuesday,12,0.5,15.26,1352.0,3720,23,0.0,0,0,34.0,0.500290419,low
350,2015-01-20,Quarter3,sewing,Tuesday,7,0.35,22.94,1450.0,10080,30,0.0,0,0,56.0,0.400332792,low
351,2015-01-20,Quarter3,finishing,Tuesday,11,0.7,4.15,0.0,2700,0,0.0,0,0,15.0,0.362666667,low
352,2015-01-21,Quarter3,finishing,Wednesday,4,0.75,4.3,0.0,6000,0,0.0,0,0,20.0,0.978525641,high
353,2015-01-21,Quarter3,finishing,Wednesday,2,0.7,3.94,0.0,5100,0,0.0,0,0,17.0,0.912202112,high
354,2015-01-21,Quarter3,sewing,Wednesday,4,0.75,22.52,825.0,10080,94,0.0,0,0,56.0,0.900556277,high
355,2015-01-21,Quarter3,sewing,Wednesday,6,0.8,11.61,916.0,5760,75,0.0,0,0,89.0,0.850410511,high
356,2015-01-21,Quarter3,finishing,Wednesday,9,0.8,3.94,0.0,2400,0,0.0,0,0,8.0,0.827147436,high
357,2015-01-21,Quarter3,sewing,Wednesday,8,0.8,25.9,562.0,7470,38,0.0,0,0,56.5,0.800436542,high
358,2015-01-21,Quarter3,sewing,Wednesday,2,0.7,22.94,1422.0,10500,60,0.0,0,0,57.0,0.800415742,high
359,2015-01-21,Quarter3,sewing,Wednesday,10,0.7,22.52,1206.0,10080,75,0.0,0,0,56.0,0.800020563,high
360,2015-01-21,Quarter3,finishing,Wednesday,5,0.7,4.15,0.0,2400,0,0.0,0,0,8.0,0.758173077,medium
361,2015-01-21,Quarter3,sewing,Wednesday,5,0.7,20.4,1404.0,10440,50,0.0,0,0,58.0,0.750344828,medium
362,2015-01-21,Quarter3,sewing,Wednesday,3,0.7,22.52,1139.0,10260,63,0.0,0,0,57.0,0.750068049,medium
363,2015-01-21,Quarter3,sewing,Wednesday,11,0.7,14.89,1735.0,10260,50,0.0,0,0,57.0,0.700170388,medium
364,2015-01-21,Quarter3,sewing,Wednesday,1,0.65,22.94,1595.0,10260,34,0.0,0,0,57.0,0.700029771,medium
365,2015-01-21,Quarter3,sewing,Wednesday,12,0.6,15.26,1245.0,6360,23,0.0,0,0,34.0,0.60017284,medium
366,2015-01-21,Quarter3,finishing,Wednesday,8,0.8,2.9,0.0,2400,0,0.0,0,0,8.0,0.594871795,low
367,2015-01-21,Quarter3,sewing,Wednesday,9,0.8,54.56,757.0,4140,29,0.0,0,0,58.0,0.520237649,low
368,2015-01-21,Quarter3,finishing,Wednesday,1,0.65,3.94,0.0,2400,0,0.0,0,0,8.0,0.505128205,low
369,2015-01-21,Quarter3,sewing,Wednesday,7,0.5,22.52,1720.0,10080,23,0.0,0,0,56.0,0.500241342,low
370,2015-01-21,Quarter3,finishing,Wednesday,11,0.7,4.15,0.0,2700,0,0.0,0,0,9.0,0.470769231,low
371,2015-01-22,Quarter4,finishing,Thursday,7,0.6,3.94,0.0,6000,0,0.0,0,0,10.0,0.957638889,high
372,2015-01-22,Quarter4,finishing,Thursday,10,0.75,3.94,0.0,8400,0,0.0,0,0,14.0,0.940701058,high
373,2015-01-22,Quarter4,sewing,Thursday,4,0.75,22.52,759.0,10080,81,0.0,0,0,56.0,0.849983766,high
374,2015-01-22,Quarter4,sewing,Thursday,2,0.7,22.94,1510.0,10620,60,0.0,0,0,57.0,0.800302791,high
375,2015-01-22,Quarter4,sewing,Thursday,6,0.8,11.61,955.0,6360,63,0.0,0,0,32.0,0.800191989,high
376,2015-01-22,Quarter4,sewing,Thursday,10,0.75,22.52,1328.0,10080,55,0.0,0,0,56.0,0.800020563,high
377,2015-01-22,Quarter4,sewing,Thursday,1,0.7,22.94,1384.0,12180,63,0.0,0,0,57.0,0.750162367,medium
378,2015-01-22,Quarter4,sewing,Thursday,3,0.7,22.52,1244.0,10260,63,0.0,0,0,57.0,0.750068049,medium
379,2015-01-22,Quarter4,finishing,Thursday,5,0.7,4.15,0.0,9000,0,0.0,0,0,15.0,0.742901235,medium
380,2015-01-22,Quarter4,sewing,Thursday,5,0.7,20.4,1480.0,10440,40,0.0,0,0,58.0,0.700250784,medium
381,2015-01-22,Quarter4,sewing,Thursday,11,0.7,14.89,1863.0,10260,50,0.0,0,0,57.0,0.700170388,medium
382,2015-01-22,Quarter4,finishing,Thursday,4,0.75,4.3,0.0,9000,0,0.0,0,0,15.0,0.670216049,medium
383,2015-01-22,Quarter4,finishing,Thursday,1,0.7,3.94,0.0,15000,0,0.0,0,0,25.0,0.649662222,medium
384,2015-01-22,Quarter4,finishing,Thursday,2,0.7,3.94,0.0,15000,0,0.0,0,0,25.0,0.649662222,medium
385,2015-01-22,Quarter4,finishing,Thursday,6,0.8,2.9,0.0,4800,0,0.0,0,0,8.0,0.626822917,medium
386,2015-01-22,Quarter4,sewing,Thursday,12,0.6,15.26,1492.0,6960,23,0.0,0,0,34.0,0.600436426,medium
387,2015-01-22,Quarter4,sewing,Thursday,7,0.6,22.52,1859.0,10260,23,0.0,0,0,57.0,0.60041361,medium
388,2015-01-22,Quarter4,sewing,Thursday,8,0.8,40.99,980.0,10770,30,0.0,0,0,56.5,0.555500132,low
389,2015-01-22,Quarter4,sewing,Thursday,9,0.5,29.12,970.0,10440,30,0.0,0,0,58.0,0.500547544,low
390,2015-01-22,Quarter4,finishing,Thursday,3,0.7,3.94,0.0,12000,0,0.0,0,0,20.0,0.460578704,low
391,2015-01-22,Quarter4,finishing,Thursday,8,0.8,2.9,0.0,4800,0,0.0,0,0,8.0,0.397743056,low
392,2015-01-22,Quarter4,finishing,Thursday,12,0.6,4.08,0.0,5400,0,0.0,0,0,9.0,0.327407407,low
393,2015-01-24,Quarter4,finishing,Saturday,5,0.7,4.15,0.0,2700,0,0.0,0,0,15.0,0.966666667,high
394,2015-01-24,Quarter4,finishing,Saturday,10,0.75,3.94,0.0,1800,0,0.0,0,0,10.0,0.937242424,high
395,2015-01-24,Quarter4,finishing,Saturday,8,0.8,2.9,0.0,1620,0,0.0,0,0,9.0,0.910521886,high
396,2015-01-24,Quarter4,sewing,Saturday,2,0.75,22.94,1606.0,10260,94,0.0,0,0,57.0,0.90064806,high
397,2015-01-24,Quarter4,sewing,Saturday,4,0.75,22.52,727.0,10260,94,0.0,0,0,57.0,0.900321106,high
398,2015-01-24,Quarter4,finishing,Saturday,11,0.75,4.15,0.0,1800,0,0.0,0,0,10.0,0.896022727,high
399,2015-01-24,Quarter4,finishing,Saturday,3,0.75,3.94,0.0,1440,0,0.0,0,0,8.0,0.895454545,high
400,2015-01-24,Quarter4,finishing,Saturday,7,0.65,3.94,0.0,2160,0,0.0,0,0,12.0,0.870580808,high
401,2015-01-24,Quarter4,finishing,Saturday,12,0.7,4.08,0.0,1620,0,0.0,0,0,9.0,0.858585859,high
402,2015-01-24,Quarter4,sewing,Saturday,1,0.7,22.94,1472.0,10260,75,0.0,0,0,57.0,0.800643806,high
403,2015-01-24,Quarter4,sewing,Saturday,10,0.75,22.52,1332.0,10080,69,0.0,0,0,56.0,0.80062987,high
404,2015-01-24,Quarter4,sewing,Saturday,6,0.8,11.61,1009.0,5640,63,0.0,0,0,32.0,0.800537143,high
405,2015-01-24,Quarter4,sewing,Saturday,3,0.75,22.52,1266.0,10260,69,0.0,0,0,57.0,0.80035194,high
406,2015-01-24,Quarter4,sewing,Saturday,12,0.75,15.26,1316.0,6120,40,0.0,0,0,34.0,0.750079323,medium
407,2015-01-24,Quarter4,sewing,Saturday,11,0.75,42.97,1282.0,10260,56,0.0,0,0,57.0,0.750041201,medium
408,2015-01-24,Quarter4,sewing,Saturday,5,0.7,20.4,1382.0,10440,50,0.0,0,0,58.0,0.700250784,medium
409,2015-01-24,Quarter4,finishing,Saturday,4,0.75,4.3,0.0,2160,0,0.0,0,0,12.0,0.651515152,medium
410,2015-01-24,Quarter4,sewing,Saturday,7,0.65,22.52,1295.0,10170,26,0.0,0,0,56.5,0.650416734,medium
411,2015-01-24,Quarter4,sewing,Saturday,9,0.6,29.12,925.0,6660,23,0.0,0,0,58.0,0.600125217,medium
412,2015-01-24,Quarter4,finishing,Saturday,2,0.75,3.94,0.0,1440,0,0.0,0,0,8.0,0.578314394,low
413,2015-01-24,Quarter4,finishing,Saturday,1,0.7,3.94,0.0,1440,0,0.0,0,0,8.0,0.578314394,low
414,2015-01-24,Quarter4,sewing,Saturday,8,0.35,15.09,1448.0,9360,23,0.0,0,0,52.0,0.34998951,low
415,2015-01-24,Quarter4,finishing,Saturday,9,0.6,3.94,0.0,1440,0,0.0,0,0,8.0,0.261174242,low
416,2015-01-25,Quarter4,finishing,Sunday,5,0.7,4.15,0.0,3060,0,0.0,0,0,17.0,0.973796791,high
417,2015-01-25,Quarter4,finishing,Sunday,2,0.75,3.94,0.0,1440,0,0.0,0,0,8.0,0.970075758,high
418,2015-01-25,Quarter4,finishing,Sunday,1,0.7,3.94,0.0,1440,0,0.0,0,0,8.0,0.970075758,high
419,2015-01-25,Quarter4,finishing,Sunday,3,0.75,3.94,0.0,1620,0,0.0,0,0,9.0,0.961784512,high
420,2015-01-25,Quarter4,finishing,Sunday,10,0.75,3.94,0.0,3420,0,0.0,0,0,19.0,0.955151515,high
421,2015-01-25,Quarter4,finishing,Sunday,4,0.75,4.3,0.0,2160,0,0.0,0,0,12.0,0.952020202,high
422,2015-01-25,Quarter4,sewing,Sunday,4,0.75,22.52,867.0,10260,94,0.0,0,0,57.0,0.900321106,high
423,2015-01-25,Quarter4,sewing,Sunday,2,0.75,22.94,1636.0,10530,81,0.0,0,0,58.5,0.850223776,high
424,2015-01-25,Quarter4,sewing,Sunday,1,0.7,22.94,1682.0,10530,75,0.0,0,0,58.5,0.800909609,high
425,2015-01-25,Quarter4,sewing,Sunday,3,0.75,22.52,1495.0,10350,55,0.0,0,0,57.5,0.800513307,high
426,2015-01-25,Quarter4,sewing,Sunday,6,0.8,11.61,1181.0,5760,63,0.0,0,0,32.0,0.800386364,high
427,2015-01-25,Quarter4,sewing,Sunday,10,0.75,22.52,1413.0,10080,69,0.0,0,0,56.0,0.800020563,high
428,2015-01-25,Quarter4,finishing,Sunday,7,0.65,3.94,0.0,2520,0,0.0,0,0,14.0,0.749188312,medium
429,2015-01-25,Quarter4,sewing,Sunday,7,0.7,22.52,360.0,10170,40,0.0,0,0,56.5,0.7005417,medium
430,2015-01-25,Quarter4,sewing,Sunday,12,0.7,15.26,1296.0,6120,40,0.0,0,0,34.0,0.70043672,medium
431,2015-01-25,Quarter4,sewing,Sunday,5,0.7,20.4,1217.0,10440,50,0.0,0,0,58.0,0.700250784,medium
432,2015-01-25,Quarter4,sewing,Sunday,9,0.65,29.12,1086.0,10440,26,0.0,0,0,58.0,0.650407524,medium
433,2015-01-25,Quarter4,finishing,Sunday,12,0.7,4.08,0.0,1620,0,0.0,0,0,9.0,0.618181818,medium
434,2015-01-25,Quarter4,sewing,Sunday,11,0.75,42.97,532.0,10260,40,0.0,0,0,57.0,0.59114168,low
435,2015-01-25,Quarter4,sewing,Sunday,8,0.5,15.09,1557.0,720,23,0.0,0,0,52.0,0.500061916,low
436,2015-01-25,Quarter4,finishing,Sunday,8,0.8,2.9,0.0,720,0,0.0,0,0,4.0,0.329545455,low
437,2015-01-26,Quarter4,finishing,Monday,3,0.75,3.94,0.0,1800,0,0.0,0,0,10.0,1.059621212,high
438,2015-01-26,Quarter4,finishing,Monday,10,0.75,3.94,0.0,3780,0,0.0,0,0,21.0,0.997792208,high
439,2015-01-26,Quarter4,finishing,Monday,4,0.75,4.3,0.0,2160,0,0.0,0,0,12.0,0.963699495,high
440,2015-01-26,Quarter4,finishing,Monday,5,0.7,4.15,0.0,2700,0,0.0,0,0,15.0,0.959191919,high
441,2015-01-26,Quarter4,finishing,Monday,2,0.75,3.94,0.0,1800,0,0.0,0,0,10.0,0.910378788,high
442,2015-01-26,Quarter4,finishing,Monday,1,0.7,3.94,0.0,1800,0,0.0,0,0,10.0,0.910378788,high
443,2015-01-26,Quarter4,sewing,Monday,4,0.8,22.52,1016.0,10170,60,0.0,0,0,56.5,0.850312684,high
444,2015-01-26,Quarter4,sewing,Monday,6,0.8,11.61,1072.0,5760,50,0.0,0,0,32.0,0.800386364,high
445,2015-01-26,Quarter4,sewing,Monday,3,0.75,22.52,1584.0,10260,69,0.0,0,0,57.0,0.80035194,high
446,2015-01-26,Quarter4,sewing,Monday,2,0.75,22.94,1764.0,10260,55,0.0,0,0,57.0,0.800034024,high
447,2015-01-26,Quarter4,sewing,Monday,1,0.7,22.94,1745.0,10440,60,0.0,0,0,58.0,0.800023511,high
448,2015-01-26,Quarter4,sewing,Monday,10,0.75,22.52,1250.0,10080,55,0.0,0,0,56.0,0.800020563,high
449,2015-01-26,Quarter4,finishing,Monday,12,0.7,4.08,0.0,1620,0,0.0,0,0,9.0,0.769292929,medium
450,2015-01-26,Quarter4,sewing,Monday,5,0.75,20.4,1118.0,10320,56,0.0,0,0,58.0,0.750031447,medium
451,2015-01-26,Quarter4,sewing,Monday,9,0.7,29.12,1143.0,10440,40,0.0,0,0,58.0,0.70061442,medium
452,2015-01-26,Quarter4,sewing,Monday,12,0.7,15.26,1337.0,6120,40,0.0,0,0,34.0,0.70043672,medium
453,2015-01-26,Quarter4,finishing,Monday,7,0.65,3.94,0.0,1440,0,0.0,0,0,8.0,0.646306818,medium
454,2015-01-26,Quarter4,sewing,Monday,8,0.6,15.09,1519.0,360,23,0.0,0,0,52.0,0.600143365,medium
455,2015-01-26,Quarter4,sewing,Monday,11,0.35,28.08,749.0,10260,23,0.0,0,0,57.0,0.350066986,low
456,2015-01-27,Quarter4,sewing,Tuesday,2,0.75,22.52,1635.0,6840,119,0.0,0,0,57.0,1.000230409,high
457,2015-01-27,Quarter4,sewing,Tuesday,3,0.75,22.52,1299.0,6840,119,0.0,0,0,57.0,1.000230409,high
458,2015-01-27,Quarter4,finishing,Tuesday,10,0.8,3.94,0.0,1440,0,0.0,0,0,12.0,0.979527778,high
459,2015-01-27,Quarter4,finishing,Tuesday,4,0.8,4.3,0.0,1440,0,0.0,0,0,12.0,0.940625,high
460,2015-01-27,Quarter4,finishing,Tuesday,5,0.5,4.15,0.0,1440,0,0.0,0,0,12.0,0.926388889,high
461,2015-01-27,Quarter4,sewing,Tuesday,10,0.8,22.52,1134.0,6720,70,0.0,0,0,56.0,0.900129762,high
462,2015-01-27,Quarter4,finishing,Tuesday,3,0.75,3.94,0.0,1440,0,0.0,0,0,12.0,0.861875,high
463,2015-01-27,Quarter4,sewing,Tuesday,4,0.8,22.52,1106.0,6780,60,0.0,0,0,56.5,0.850312684,high
464,2015-01-27,Quarter4,finishing,Tuesday,8,0.65,3.94,0.0,960,0,0.0,0,0,8.0,0.845458333,high
465,2015-01-27,Quarter4,finishing,Tuesday,12,0.7,4.15,0.0,1080,0,0.0,0,0,9.0,0.823555556,high
466,2015-01-27,Quarter4,finishing,Tuesday,7,0.5,4.15,0.0,960,0,0.0,0,0,8.0,0.803541667,high
467,2015-01-27,Quarter4,sewing,Tuesday,1,0.75,22.94,1871.0,6960,55,0.0,0,0,58.0,0.800263218,high
468,2015-01-27,Quarter4,finishing,Tuesday,2,0.75,3.94,0.0,1200,0,0.0,0,0,10.0,0.788,medium
469,2015-01-27,Quarter4,finishing,Tuesday,1,0.75,3.94,0.0,1200,0,0.0,0,0,10.0,0.77815,medium
470,2015-01-27,Quarter4,sewing,Tuesday,9,0.7,29.12,1294.0,6960,50,0.0,0,0,58.0,0.700386207,medium
471,2015-01-27,Quarter4,sewing,Tuesday,12,0.7,15.26,1462.0,4080,40,0.0,0,0,34.0,0.700164706,medium
472,2015-01-27,Quarter4,sewing,Tuesday,8,0.65,15.09,976.0,240,23,0.0,0,0,52.0,0.650307143,medium
473,2015-01-27,Quarter4,sewing,Tuesday,6,0.8,30.4,338.0,3840,34,0.0,0,0,32.0,0.622828125,medium
474,2015-01-27,Quarter4,finishing,Tuesday,6,0.8,2.9,0.0,960,0,0.0,0,0,8.0,0.6225,medium
475,2015-01-27,Quarter4,sewing,Tuesday,5,0.5,20.79,1455.0,6960,30,0.0,0,0,58.0,0.500035345,low
476,2015-01-27,Quarter4,sewing,Tuesday,11,0.5,48.18,1282.0,6480,23,0.0,0,0,54.0,0.37046657,low
477,2015-01-28,Quarter4,sewing,Wednesday,2,0.8,22.52,1559.0,6840,90,0.0,0,0,57.0,1.000230409,high
478,2015-01-28,Quarter4,sewing,Wednesday,3,0.8,22.52,1350.0,6840,113,0.0,0,0,57.0,1.000230409,high
479,2015-01-28,Quarter4,finishing,Wednesday,6,0.35,2.9,0.0,1800,0,0.0,0,0,15.0,0.977555556,high
480,2015-01-28,Quarter4,finishing,Wednesday,1,0.75,3.94,0.0,1200,0,0.0,0,0,10.0,0.9456,high
481,2015-01-28,Quarter4,finishing,Wednesday,2,0.8,3.94,0.0,1800,0,0.0,0,0,15.0,0.902222222,high
482,2015-01-28,Quarter4,sewing,Wednesday,10,0.8,22.52,1175.0,6720,60,0.0,0,0,56.0,0.850532143,high
483,2015-01-28,Quarter4,sewing,Wednesday,1,0.75,22.94,1868.0,6960,81,0.0,0,0,58.0,0.850362069,high
484,2015-01-28,Quarter4,finishing,Wednesday,10,0.8,3.94,0.0,1200,0,0.0,0,0,10.0,0.840533333,high
485,2015-01-28,Quarter4,sewing,Wednesday,5,0.6,20.79,1045.0,6960,88,0.0,0,0,58.0,0.800534483,high
486,2015-01-28,Quarter4,sewing,Wednesday,4,0.8,22.52,1342.0,6780,50,0.0,0,0,56.5,0.800489676,high
487,2015-01-28,Quarter4,finishing,Wednesday,12,0.75,4.08,0.0,1080,0,0.0,0,0,9.0,0.755555556,medium
488,2015-01-28,Quarter4,sewing,Wednesday,9,0.7,29.12,1340.0,6960,63,0.0,0,0,58.0,0.750593103,medium
489,2015-01-28,Quarter4,sewing,Wednesday,12,0.75,15.26,1429.0,3600,45,0.0,0,0,35.0,0.750283333,medium
490,2015-01-28,Quarter4,finishing,Wednesday,4,0.8,4.3,0.0,1440,0,0.0,0,0,12.0,0.722638889,medium
491,2015-01-28,Quarter4,finishing,Wednesday,8,0.65,4.15,0.0,960,0,0.0,0,0,8.0,0.553333333,low
492,2015-01-28,Quarter4,sewing,Wednesday,11,0.5,20.1,1413.0,5880,46,0.0,0,0,54.0,0.500567308,low
493,2015-01-28,Quarter4,sewing,Wednesday,8,0.7,38.09,336.0,6240,0,0.0,0,0,52.0,0.467693269,low
494,2015-01-28,Quarter4,sewing,Wednesday,6,0.35,18.79,511.0,1800,23,0.0,0,0,32.0,0.437995338,low
495,2015-01-28,Quarter4,finishing,Wednesday,7,0.6,3.94,0.0,960,0,0.0,0,0,8.0,0.406354167,low
496,2015-01-28,Quarter4,sewing,Wednesday,7,0.6,23.54,958.0,6600,0,0.0,0,0,55.0,0.285333333,low
497,2015-01-28,Quarter4,finishing,Wednesday,11,0.5,2.9,0.0,960,0,0.0,0,0,8.0,0.259375,low
498,2015-01-29,Quarter5,sewing,Thursday,2,0.8,22.52,1416.0,6840,113,0.0,0,0,57.0,1.000230409,high
499,2015-01-29,Quarter5,finishing,Thursday,4,0.8,4.3,0.0,1200,0,0.0,0,0,10.0,0.989,high
500,2015-01-29,Quarter5,sewing,Thursday,3,0.8,22.52,1287.0,6840,100,0.0,0,0,57.0,0.950185965,high
501,2015-01-29,Quarter5,sewing,Thursday,4,0.8,22.52,1444.0,6900,88,0.0,0,0,57.5,0.9008,high
502,2015-01-29,Quarter5,sewing,Thursday,10,0.8,22.52,1088.0,6720,88,0.0,0,0,56.0,0.900129762,high
503,2015-01-29,Quarter5,finishing,Thursday,6,0.5,2.9,0.0,1200,0,0.0,0,0,10.0,0.899,high
504,2015-01-29,Quarter5,finishing,Thursday,8,0.65,4.15,0.0,960,0,0.0,0,0,8.0,0.877552083,high
505,2015-01-29,Quarter5,finishing,Thursday,11,0.6,2.9,0.0,960,0,0.0,0,0,8.0,0.864583333,high
506,2015-01-29,Quarter5,finishing,Thursday,10,0.8,3.94,0.0,1200,0,0.0,0,0,10.0,0.85695,high
507,2015-01-29,Quarter5,finishing,Thursday,1,0.75,3.94,0.0,1200,0,0.0,0,0,10.0,0.853666667,high
508,2015-01-29,Quarter5,sewing,Thursday,1,0.75,22.94,1579.0,6960,81,0.0,0,0,58.0,0.850362069,high
509,2015-01-29,Quarter5,sewing,Thursday,9,0.7,29.12,1170.0,6960,53,0.0,0,0,58.0,0.850170115,high
510,2015-01-29,Quarter5,sewing,Thursday,5,0.65,20.79,1015.0,7080,81,0.0,0,0,59.0,0.800473729,high
511,2015-01-29,Quarter5,finishing,Thursday,2,0.8,3.94,0.0,1200,0,0.0,0,0,10.0,0.773333333,medium
512,2015-01-29,Quarter5,sewing,Thursday,12,0.75,15.26,1436.0,4200,45,0.0,0,0,35.0,0.750646667,medium
513,2015-01-29,Quarter5,finishing,Thursday,12,0.75,4.08,0.0,1080,0,0.0,0,0,9.0,0.634666667,medium
514,2015-01-29,Quarter5,sewing,Thursday,11,0.6,20.1,1601.0,4320,46,0.0,0,0,51.0,0.60059761,medium
515,2015-01-29,Quarter5,sewing,Thursday,6,0.5,18.79,717.0,3960,23,0.0,0,0,33.0,0.500117677,low
516,2015-01-29,Quarter5,finishing,Thursday,3,0.8,3.94,0.0,960,0,0.0,0,0,8.0,0.4925,low
517,2015-01-29,Quarter5,sewing,Thursday,7,0.65,23.54,830.0,6600,0,0.0,0,0,55.0,0.48792,low
518,2015-01-31,Quarter5,sewing,Saturday,3,0.8,22.52,1136.0,6960,113,0.0,0,0,58.0,1.000457471,high
519,2015-01-31,Quarter5,sewing,Saturday,2,0.8,22.52,1397.0,6840,113,0.0,0,0,57.0,1.000230409,high
520,2015-01-31,Quarter5,finishing,Saturday,2,0.8,3.94,0.0,1200,0,0.0,0,0,10.0,0.971866667,high
521,2015-01-31,Quarter5,finishing,Saturday,3,0.8,3.94,0.0,960,0,0.0,0,0,8.0,0.971866667,high
522,2015-01-31,Quarter5,finishing,Saturday,4,0.8,3.94,0.0,1200,0,0.0,0,0,10.0,0.971866667,high
523,2015-01-31,Quarter5,finishing,Saturday,10,0.8,3.94,0.0,1200,0,0.0,0,0,10.0,0.971866667,high
524,2015-01-31,Quarter5,finishing,Saturday,1,0.75,3.94,0.0,1800,0,0.0,0,0,15.0,0.971866667,high
525,2015-01-31,Quarter5,finishing,Saturday,9,0.75,3.94,0.0,240,0,0.0,0,0,2.0,0.971866667,high
526,2015-01-31,Quarter5,finishing,Saturday,12,0.75,4.08,0.0,1080,0,0.0,0,0,9.0,0.971866667,high
527,2015-01-31,Quarter5,finishing,Saturday,5,0.7,3.94,0.0,240,0,0.0,0,0,2.0,0.971866667,high
528,2015-01-31,Quarter5,finishing,Saturday,7,0.7,3.94,0.0,1200,0,0.0,0,0,10.0,0.971866667,high
529,2015-01-31,Quarter5,finishing,Saturday,8,0.65,3.94,0.0,960,0,0.0,0,0,8.0,0.971866667,high
530,2015-01-31,Quarter5,finishing,Saturday,11,0.65,3.94,0.0,600,0,0.0,0,0,5.0,0.971866667,high
531,2015-01-31,Quarter5,finishing,Saturday,6,0.6,3.94,0.0,1200,0,0.0,0,0,10.0,0.971866667,high
532,2015-01-31,Quarter5,sewing,Saturday,10,0.8,22.52,1116.0,6720,93,0.0,0,0,56.0,0.920236905,high
533,2015-01-31,Quarter5,sewing,Saturday,4,0.8,22.52,1432.0,6660,88,0.0,0,0,57.5,0.900537069,high
534,2015-01-31,Quarter5,sewing,Saturday,9,0.75,29.12,1082.0,6840,81,0.0,0,0,57.0,0.850610526,high
535,2015-01-31,Quarter5,sewing,Saturday,1,0.75,22.94,1502.0,6960,81,0.0,0,0,58.0,0.850362069,high
536,2015-01-31,Quarter5,sewing,Saturday,12,0.75,15.26,1209.0,4200,45,0.0,0,0,35.0,0.750646667,medium
537,2015-01-31,Quarter5,sewing,Saturday,5,0.7,50.89,282.0,5880,56,0.0,0,0,59.0,0.656763743,medium
538,2015-01-31,Quarter5,sewing,Saturday,11,0.65,20.1,1417.0,6480,49,0.0,0,0,54.0,0.650148148,medium
539,2015-01-31,Quarter5,sewing,Saturday,6,0.6,18.79,799.0,3960,23,0.0,0,0,33.0,0.600710606,medium
540,2015-01-31,Quarter5,sewing,Saturday,7,0.7,23.54,1109.0,6720,0,0.0,0,0,56.0,0.388830357,low
541,2015-01-31,Quarter5,sewing,Saturday,8,0.5,23.54,1144.0,6480,0,0.0,0,0,54.0,0.286984568,low
542,2015-02-01,Quarter1,finishing,Sunday,8,0.65,4.15,0.0,960,0,0.0,0,0,8.0,1.0115625,high
543,2015-02-01,Quarter1,sewing,Sunday,2,0.8,22.52,1396.0,6900,113,0.0,0,0,57.5,1.000671304,high
544,2015-02-01,Quarter1,sewing,Sunday,1,0.8,22.94,1582.0,3060,113,0.0,0,0,58.5,1.000402055,high
545,2015-02-01,Quarter1,finishing,Sunday,1,0.75,3.94,0.0,2280,0,0.0,0,0,19.0,0.950438596,high
546,2015-02-01,Quarter1,sewing,Sunday,3,0.8,22.52,1124.0,6840,100,0.0,0,0,57.0,0.950185965,high
547,2015-02-01,Quarter1,finishing,Sunday,2,0.8,3.94,0.0,1200,0,0.0,0,0,10.0,0.912766667,high
548,2015-02-01,Quarter1,finishing,Sunday,7,0.7,3.94,0.0,2160,0,0.0,0,0,18.0,0.892194444,high
549,2015-02-01,Quarter1,finishing,Sunday,10,0.8,3.94,0.0,1200,0,0.0,0,0,10.0,0.8865,high
550,2015-02-01,Quarter1,sewing,Sunday,10,0.8,22.52,1282.0,6720,75,0.0,0,0,56.0,0.850532143,high
551,2015-02-01,Quarter1,sewing,Sunday,4,0.8,22.52,1472.0,7020,60,0.0,0,0,58.5,0.85011396,high
552,2015-02-01,Quarter1,finishing,Sunday,4,0.8,4.3,0.0,1440,0,0.0,0,0,12.0,0.845069444,high
553,2015-02-01,Quarter1,sewing,Sunday,9,0.75,29.12,1282.0,6960,45,0.0,0,0,58.0,0.750593103,medium
554,2015-02-01,Quarter1,sewing,Sunday,12,0.75,15.26,1276.0,1440,45,0.0,0,0,35.0,0.750450658,medium
555,2015-02-01,Quarter1,finishing,Sunday,12,0.75,4.08,0.0,1080,0,0.0,0,0,9.0,0.702666667,medium
556,2015-02-01,Quarter1,sewing,Sunday,11,0.7,20.1,1192.0,6120,75,0.0,0,0,54.0,0.700508929,medium
557,2015-02-01,Quarter1,sewing,Sunday,6,0.65,18.79,881.0,3960,26,0.0,0,0,33.0,0.651007071,medium
558,2015-02-01,Quarter1,sewing,Sunday,8,0.6,24.26,1196.0,6600,0,0.0,0,0,55.0,0.466821212,low
559,2015-02-01,Quarter1,sewing,Sunday,7,0.7,24.26,1400.0,6720,0,0.0,0,0,56.0,0.411553571,low
560,2015-02-01,Quarter1,finishing,Sunday,6,0.6,2.9,0.0,1200,0,0.0,0,0,10.0,0.314166667,low
561,2015-02-02,Quarter1,sewing,Monday,1,0.8,22.94,16882.0,7020,113,0.0,0,0,58.5,1.000602279,high
562,2015-02-02,Quarter1,finishing,Monday,9,0.75,3.94,0.0,960,0,0.0,0,0,8.0,0.994270833,high
563,2015-02-02,Quarter1,sewing,Monday,2,0.8,22.52,21385.0,7020,88,0.0,0,0,58.5,0.900158405,high
564,2015-02-02,Quarter1,sewing,Monday,3,0.8,22.52,21266.0,6840,70,0.0,0,0,57.0,0.90014152,high
565,2015-02-02,Quarter1,sewing,Monday,10,0.8,22.52,21540.0,6720,88,0.0,0,0,56.0,0.900129762,high
566,2015-02-02,Quarter1,finishing,Monday,10,0.8,3.94,0.0,1200,0,0.0,0,0,10.0,0.85695,high
567,2015-02-02,Quarter1,finishing,Monday,4,0.8,4.3,0.0,1440,0,0.0,0,0,12.0,0.809236111,high
568,2015-02-02,Quarter1,sewing,Monday,12,0.8,15.26,12261.0,3600,63,0.0,0,0,35.0,0.800401961,high
569,2015-02-02,Quarter1,sewing,Monday,4,0.8,22.52,23122.0,5940,50,0.0,0,0,56.5,0.800393224,high
570,2015-02-02,Quarter1,sewing,Monday,9,0.75,29.12,8992.0,6960,55,0.0,0,0,58.0,0.799963218,medium
571,2015-02-02,Quarter1,finishing,Monday,12,0.75,4.08,0.0,1080,0,0.0,0,0,9.0,0.740444444,medium
572,2015-02-02,Quarter1,sewing,Monday,11,0.7,20.55,9792.0,6480,60,0.0,0,0,54.0,0.700398148,medium
573,2015-02-02,Quarter1,sewing,Monday,6,0.7,18.79,2984.0,3960,30,0.0,0,0,33.0,0.700354545,medium
574,2015-02-02,Quarter1,finishing,Monday,8,0.65,4.15,0.0,960,0,0.0,0,0,8.0,0.561979167,low
575,2015-02-02,Quarter1,finishing,Monday,1,0.75,3.94,0.0,2280,0,0.0,0,0,19.0,0.504596491,low
576,2015-02-02,Quarter1,sewing,Monday,5,0.5,30.1,839.0,6960,0,0.0,0,0,58.0,0.500801724,low
577,2015-02-02,Quarter1,sewing,Monday,7,0.7,24.26,2698.0,6720,0,0.0,0,0,56.0,0.295307738,low
578,2015-02-02,Quarter1,finishing,Monday,6,0.6,2.9,0.0,1200,0,0.0,0,0,10.0,0.280333333,low
579,2015-02-02,Quarter1,sewing,Monday,8,0.65,24.26,1435.0,6600,0,0.0,0,0,55.0,0.260978788,low
580,2015-02-03,Quarter1,finishing,Tuesday,2,0.8,3.94,0.0,2400,0,0.0,0,0,20.0,1.001416667,high
581,2015-02-03,Quarter1,sewing,Tuesday,1,0.8,22.52,1500.0,6900,113,0.0,0,0,57.5,1.000018551,high
582,2015-02-03,Quarter1,sewing,Tuesday,10,0.8,22.52,1188.0,6720,90,0.0,0,0,56.0,0.999995238,high
583,2015-02-03,Quarter1,finishing,Tuesday,1,0.8,3.94,0.0,1200,0,0.0,0,0,10.0,0.99485,high
584,2015-02-03,Quarter1,finishing,Tuesday,8,0.7,4.15,0.0,960,0,0.0,0,0,8.0,0.976979167,high
585,2015-02-03,Quarter1,sewing,Tuesday,3,0.8,22.52,1112.0,6840,100,0.0,0,0,57.0,0.950185965,high
586,2015-02-03,Quarter1,sewing,Tuesday,2,0.8,22.52,1452.0,6960,100,0.0,0,0,58.0,0.949981609,high
587,2015-02-03,Quarter1,finishing,Tuesday,9,0.75,3.94,0.0,1320,0,0.0,0,0,11.0,0.919954545,high
588,2015-02-03,Quarter1,sewing,Tuesday,4,0.8,22.52,340.0,5460,63,0.0,0,0,56.5,0.800434622,high
589,2015-02-03,Quarter1,sewing,Tuesday,12,0.8,15.26,1029.0,2040,50,0.0,0,0,35.0,0.800259023,high
590,2015-02-03,Quarter1,finishing,Tuesday,12,0.8,4.08,0.0,1080,0,0.0,0,0,9.0,0.778222222,medium
591,2015-02-03,Quarter1,sewing,Tuesday,9,0.75,29.12,1070.0,6960,34,0.0,0,0,58.0,0.750593103,medium
592,2015-02-03,Quarter1,sewing,Tuesday,11,0.7,25.31,946.0,5760,60,0.0,0,0,54.0,0.700513566,medium
593,2015-02-03,Quarter1,sewing,Tuesday,6,0.7,18.79,913.0,4020,30,0.0,0,0,33.5,0.700184577,medium
594,2015-02-03,Quarter1,sewing,Tuesday,8,0.7,24.26,1363.0,6660,0,0.0,0,0,55.5,0.586465465,low
595,2015-02-03,Quarter1,sewing,Tuesday,7,0.7,24.26,1639.0,6720,0,0.0,0,0,56.0,0.541517857,low
596,2015-02-03,Quarter1,finishing,Tuesday,4,0.8,4.3,0.0,1440,0,0.0,0,0,12.0,0.5375,low
597,2015-02-03,Quarter1,finishing,Tuesday,6,0.7,2.9,0.0,960,0,0.0,0,0,8.0,0.495416667,low
598,2015-02-03,Quarter1,sewing,Tuesday,5,0.6,30.1,415.0,6960,0,0.0,0,0,58.0,0.415172414,low
599,2015-02-04,Quarter1,sewing,Wednesday,2,0.8,22.52,1263.0,6900,100,0.0,0,0,57.5,1.05028058,high
600,2015-02-04,Quarter1,sewing,Wednesday,3,0.8,22.52,968.0,6840,113,0.0,0,0,57.0,1.000230409,high
601,2015-02-04,Quarter1,sewing,Wednesday,10,0.8,22.52,1108.0,6720,113,0.0,0,0,56.0,0.999995238,high
602,2015-02-04,Quarter1,finishing,Wednesday,2,0.8,3.94,0.0,2160,0,0.0,0,0,18.0,0.966759259,high
603,2015-02-04,Quarter1,finishing,Wednesday,1,0.8,3.94,0.0,1200,0,0.0,0,0,10.0,0.929183333,high
604,2015-02-04,Quarter1,finishing,Wednesday,8,0.7,4.15,0.0,3000,0,0.0,0,0,25.0,0.915766667,high
605,2015-02-04,Quarter1,sewing,Wednesday,1,0.8,22.52,1532.0,6900,88,0.0,0,0,57.5,0.900147246,high
606,2015-02-04,Quarter1,sewing,Wednesday,12,0.8,15.26,1094.0,4080,38,0.0,0,0,34.0,0.800401961,high
607,2015-02-04,Quarter1,sewing,Wednesday,9,0.8,22.52,1086.0,6960,50,0.0,0,0,58.0,0.799963218,medium
608,2015-02-04,Quarter1,finishing,Wednesday,7,0.7,3.94,0.0,960,0,0.0,0,0,8.0,0.779791667,medium
609,2015-02-04,Quarter1,finishing,Wednesday,9,0.75,3.94,0.0,960,0,0.0,0,0,8.0,0.755166667,medium
610,2015-02-04,Quarter1,sewing,Wednesday,6,0.7,18.79,941.0,3360,30,0.0,0,0,33.0,0.700710417,medium
611,2015-02-04,Quarter1,sewing,Wednesday,7,0.7,24.26,1471.0,6960,0,0.0,0,0,58.0,0.700612069,medium
612,2015-02-04,Quarter1,sewing,Wednesday,11,0.7,10.05,1042.0,6120,60,0.0,0,0,53.0,0.700278846,medium
613,2015-02-04,Quarter1,sewing,Wednesday,8,0.7,29.12,1248.0,6840,0,0.0,0,0,57.0,0.700135088,medium
614,2015-02-04,Quarter1,finishing,Wednesday,12,0.8,4.08,0.0,1080,0,0.0,0,0,9.0,0.687555556,medium
615,2015-02-04,Quarter1,sewing,Wednesday,5,0.65,30.1,326.0,5820,0,90.0,10,0,58.5,0.650834808,medium
616,2015-02-04,Quarter1,finishing,Wednesday,6,0.7,2.9,0.0,960,0,0.0,0,0,8.0,0.531666667,low
617,2015-02-04,Quarter1,sewing,Wednesday,4,0.35,30.1,287.0,6060,23,150.0,15,0,55.5,0.350706422,low
618,2015-02-05,Quarter1,sewing,Thursday,2,0.8,22.52,1300.0,6780,113,0.0,0,0,56.5,1.000446018,high
619,2015-02-05,Quarter1,sewing,Thursday,1,0.8,22.52,1485.0,6900,113,0.0,0,0,57.5,1.000018551,high
620,2015-02-05,Quarter1,sewing,Thursday,10,0.8,22.52,1039.0,6720,113,0.0,0,0,56.0,0.999995238,high
621,2015-02-05,Quarter1,finishing,Thursday,2,0.8,3.94,0.0,2640,0,0.0,0,0,22.0,0.999924242,high
622,2015-02-05,Quarter1,sewing,Thursday,3,0.8,22.52,1063.0,6840,100,0.0,0,0,57.0,0.950185965,high
623,2015-02-05,Quarter1,finishing,Thursday,6,0.7,2.9,0.0,960,0,0.0,0,0,8.0,0.9425,high
624,2015-02-05,Quarter1,finishing,Thursday,12,0.8,4.08,0.0,1080,0,0.0,0,0,9.0,0.906666667,high
625,2015-02-05,Quarter1,finishing,Thursday,7,0.7,3.94,0.0,1200,0,0.0,0,0,10.0,0.8471,high
626,2015-02-05,Quarter1,finishing,Thursday,1,0.8,3.94,0.0,1440,0,0.0,0,0,12.0,0.845458333,high
627,2015-02-05,Quarter1,sewing,Thursday,12,0.8,15.26,1083.0,720,38,0.0,0,0,34.0,0.800612676,high
628,2015-02-05,Quarter1,sewing,Thursday,9,0.8,29.12,1069.0,6960,50,0.0,0,0,58.0,0.799963218,medium
629,2015-02-05,Quarter1,finishing,Thursday,10,0.8,3.94,0.0,960,0,0.0,0,0,8.0,0.771583333,medium
630,2015-02-05,Quarter1,sewing,Thursday,11,0.75,10.05,668.0,2520,34,0.0,0,0,26.0,0.7504,medium
631,2015-02-05,Quarter1,sewing,Thursday,6,0.7,18.79,766.0,2760,30,0.0,0,0,33.0,0.700079032,medium
632,2015-02-05,Quarter1,sewing,Thursday,5,0.7,30.1,557.0,6960,0,0.0,0,0,58.0,0.562212644,low
633,2015-02-05,Quarter1,sewing,Thursday,7,0.07,24.26,1608.0,6960,0,0.0,0,0,58.0,0.522844828,low
634,2015-02-05,Quarter1,sewing,Thursday,4,0.5,30.1,417.0,6360,23,0.0,0,1,53.0,0.500720126,low
635,2015-02-05,Quarter1,sewing,Thursday,8,0.7,24.26,1167.0,6840,0,0.0,0,0,57.0,0.496549708,low
636,2015-02-07,Quarter1,finishing,Saturday,2,0.8,3.94,0.0,3000,0,0.0,0,0,25.0,1.050666667,high
637,2015-02-07,Quarter1,sewing,Saturday,2,0.8,22.52,1186.0,6900,113,0.0,0,0,58.0,1.000018551,high
638,2015-02-07,Quarter1,sewing,Saturday,3,0.8,22.52,1060.0,6840,100,0.0,0,0,57.0,0.950185965,high
639,2015-02-07,Quarter1,sewing,Saturday,1,0.8,22.52,1534.0,6780,88,0.0,0,0,57.0,0.900135693,high
640,2015-02-07,Quarter1,sewing,Saturday,10,0.8,22.52,1142.0,6720,88,0.0,0,0,56.0,0.900129762,high
641,2015-02-07,Quarter1,finishing,Saturday,12,0.8,4.08,0.0,1080,0,0.0,0,0,9.0,0.899111111,high
642,2015-02-07,Quarter1,finishing,Saturday,1,0.8,3.94,0.0,1200,0,0.0,0,0,10.0,0.870083333,high
643,2015-02-07,Quarter1,finishing,Saturday,6,0.75,2.9,0.0,960,0,0.0,0,0,8.0,0.845833333,high
644,2015-02-07,Quarter1,sewing,Saturday,12,0.8,15.26,1021.0,4080,63,0.0,0,0,34.0,0.800401961,high
645,2015-02-07,Quarter1,sewing,Saturday,9,0.8,29.12,829.0,6960,50,0.0,0,0,58.0,0.799963218,medium
646,2015-02-07,Quarter1,finishing,Saturday,9,0.8,3.94,0.0,960,0,0.0,0,0,8.0,0.771583333,medium
647,2015-02-07,Quarter1,sewing,Saturday,6,0.75,18.79,813.0,1560,34,0.0,0,0,33.0,0.750520115,medium
648,2015-02-07,Quarter1,sewing,Saturday,11,0.75,10.05,677.0,3240,45,0.0,0,0,27.0,0.750027778,medium
649,2015-02-07,Quarter1,finishing,Saturday,7,0.7,3.94,0.0,1200,0,0.0,0,0,10.0,0.715766667,medium
650,2015-02-07,Quarter1,sewing,Saturday,7,0.7,24.26,658.0,6960,0,270.0,45,0,58.0,0.662270115,medium
651,2015-02-07,Quarter1,sewing,Saturday,4,0.6,30.1,486.0,6780,30,0.0,0,1,57.0,0.600224189,medium
652,2015-02-07,Quarter1,sewing,Saturday,5,0.7,30.1,687.0,7500,0,0.0,0,0,59.0,0.545657673,low
653,2015-02-07,Quarter1,finishing,Saturday,4,0.8,4.3,0.0,960,0,0.0,0,0,8.0,0.447916667,low
654,2015-02-07,Quarter1,sewing,Saturday,8,0.7,24.26,652.0,6840,0,300.0,37,0,57.0,0.365318713,low
655,2015-02-08,Quarter2,sewing,Sunday,2,0.8,22.52,1233.0,6900,113,0.0,0,0,57.5,1.000018551,high
656,2015-02-08,Quarter2,finishing,Sunday,7,0.7,4.15,0.0,1440,0,0.0,0,0,12.0,0.928680556,high
657,2015-02-08,Quarter2,sewing,Sunday,10,0.8,22.52,1388.0,6720,88,0.0,0,0,56.0,0.9008,high
658,2015-02-08,Quarter2,sewing,Sunday,1,0.8,22.52,1615.0,6780,88,0.0,0,0,56.5,0.900135693,high
659,2015-02-08,Quarter2,sewing,Sunday,3,0.8,22.52,1283.0,6720,88,0.0,0,0,56.0,0.900129762,high
660,2015-02-08,Quarter2,finishing,Sunday,1,0.8,3.94,0.0,1200,0,0.0,0,0,10.0,0.893066667,high
661,2015-02-08,Quarter2,finishing,Sunday,12,0.8,4.08,0.0,1080,0,0.0,0,0,9.0,0.891555556,high
662,2015-02-08,Quarter2,finishing,Sunday,2,0.8,3.94,0.0,2160,0,0.0,0,0,18.0,0.875555556,high
663,2015-02-08,Quarter2,finishing,Sunday,8,0.7,4.15,0.0,1800,0,0.0,0,0,15.0,0.840888889,high
664,2015-02-08,Quarter2,sewing,Sunday,12,0.8,15.26,1026.0,2880,63,0.0,0,0,34.0,0.800355208,high
665,2015-02-08,Quarter2,sewing,Sunday,9,0.8,29.12,909.0,6960,50,0.0,0,0,58.0,0.799963218,medium
666,2015-02-08,Quarter2,sewing,Sunday,6,0.75,18.79,670.0,3960,34,0.0,0,0,33.0,0.75065101,medium
667,2015-02-08,Quarter2,sewing,Sunday,11,0.75,10.05,629.0,3240,45,0.0,0,0,27.0,0.750027778,medium
668,2015-02-08,Quarter2,sewing,Sunday,5,0.7,30.1,754.0,7020,0,0.0,0,0,58.5,0.700618234,medium
669,2015-02-08,Quarter2,finishing,Sunday,6,0.75,2.9,0.0,960,0,0.0,0,0,8.0,0.610208333,medium
670,2015-02-08,Quarter2,finishing,Sunday,9,0.8,3.94,0.0,960,0,0.0,0,0,8.0,0.607416667,medium
671,2015-02-08,Quarter2,sewing,Sunday,4,0.65,30.1,712.0,6780,44,0.0,0,1,56.5,0.568259587,low
672,2015-02-08,Quarter2,sewing,Sunday,7,0.7,24.26,148.0,6960,0,0.0,0,0,58.0,0.355534483,low
673,2015-02-08,Quarter2,sewing,Sunday,8,0.7,24.26,154.0,6840,0,0.0,0,0,57.0,0.353259649,low
674,2015-02-09,Quarter2,finishing,Monday,2,0.8,3.94,0.0,2160,0,0.0,0,0,18.0,1.057962963,high
675,2015-02-09,Quarter2,finishing,Monday,1,0.8,3.94,0.0,1200,0,0.0,0,0,10.0,0.962016667,high
676,2015-02-09,Quarter2,sewing,Monday,10,0.8,22.52,1127.0,120,88,0.0,0,0,56.0,0.9008,high
677,2015-02-09,Quarter2,sewing,Monday,1,0.8,22.52,1506.0,3600,70,0.0,0,0,57.0,0.900509044,high
678,2015-02-09,Quarter2,sewing,Monday,2,0.8,22.52,1413.0,360,70,0.0,0,0,57.0,0.900477825,high
679,2015-02-09,Quarter2,finishing,Monday,6,0.75,2.9,0.0,960,0,0.0,0,0,8.0,0.888125,high
680,2015-02-09,Quarter2,sewing,Monday,12,0.8,15.26,970.0,4080,63,0.0,0,0,34.0,0.800401961,high
681,2015-02-09,Quarter2,sewing,Monday,3,0.8,22.52,1271.0,5400,50,0.0,0,0,57.0,0.800161172,high
682,2015-02-09,Quarter2,sewing,Monday,9,0.8,29.12,1073.0,6960,50,0.0,0,0,58.0,0.799963218,medium
683,2015-02-09,Quarter2,sewing,Monday,4,0.7,30.1,767.0,3300,50,0.0,0,1,57.0,0.790003236,medium
684,2015-02-09,Quarter2,sewing,Monday,11,0.75,10.05,103.0,0,45,0.0,0,0,54.0,0.750648148,medium
685,2015-02-09,Quarter2,finishing,Monday,8,0.35,4.15,0.0,1800,0,0.0,0,0,15.0,0.707111111,medium
686,2015-02-09,Quarter2,sewing,Monday,5,0.7,30.1,773.0,7020,40,0.0,0,0,58.0,0.700618234,medium
687,2015-02-09,Quarter2,finishing,Monday,9,0.8,3.94,0.0,960,0,0.0,0,0,8.0,0.697708333,medium
688,2015-02-09,Quarter2,sewing,Monday,6,0.75,18.79,708.0,4080,0,0.0,0,0,34.0,0.612517157,medium
689,2015-02-09,Quarter2,sewing,Monday,7,0.35,30.1,842.0,6960,0,0.0,0,1,58.0,0.350301724,low
690,2015-02-09,Quarter2,sewing,Monday,8,0.35,30.1,901.0,6960,0,0.0,0,1,58.0,0.350301724,low
691,2015-02-09,Quarter2,finishing,Monday,12,0.8,4.08,0.0,1080,0,0.0,0,0,9.0,0.272,low
692,2015-02-10,Quarter2,finishing,Tuesday,12,0.8,4.08,0.0,1080,0,0.0,0,0,9.0,1.004888889,high
693,2015-02-10,Quarter2,finishing,Tuesday,2,0.8,3.94,0.0,2160,0,0.0,0,0,18.0,0.966759259,high
694,2015-02-10,Quarter2,sewing,Tuesday,10,0.8,22.52,1268.0,0,88,0.0,0,0,56.0,0.90063244,high
695,2015-02-10,Quarter2,sewing,Tuesday,1,0.8,22.52,1546.0,0,88,0.0,0,0,57.0,0.90047076,high
696,2015-02-10,Quarter2,sewing,Tuesday,3,0.8,22.52,813.0,0,88,0.0,0,0,57.0,0.90047076,high
697,2015-02-10,Quarter2,sewing,Tuesday,2,0.8,22.52,1512.0,0,88,0.0,0,0,57.0,0.899984058,high
698,2015-02-10,Quarter2,finishing,Tuesday,1,0.8,3.94,0.0,1440,0,0.0,0,0,12.0,0.853666667,high
699,2015-02-10,Quarter2,sewing,Tuesday,9,0.8,29.12,1263.0,2160,38,0.0,0,0,58.0,0.8008,high
700,2015-02-10,Quarter2,sewing,Tuesday,12,0.8,15.26,900.0,4080,50,0.0,0,0,34.0,0.800401961,high
701,2015-02-10,Quarter2,finishing,Tuesday,4,0.7,4.15,0.0,1800,0,0.0,0,0,15.0,0.796755556,medium
702,2015-02-10,Quarter2,sewing,Tuesday,6,0.75,18.79,640.0,2400,0,0.0,0,0,34.0,0.750797009,medium
703,2015-02-10,Quarter2,sewing,Tuesday,11,0.8,10.05,13.0,3240,34,0.0,0,0,54.0,0.750648148,medium
704,2015-02-10,Quarter2,sewing,Tuesday,5,0.75,30.1,855.0,7020,45,0.0,0,0,58.0,0.750356125,medium
705,2015-02-10,Quarter2,finishing,Tuesday,8,0.35,4.15,0.0,960,0,0.0,0,0,8.0,0.703770833,medium
706,2015-02-10,Quarter2,sewing,Tuesday,4,0.7,30.1,855.0,7020,40,0.0,0,1,58.0,0.700618234,medium
707,2015-02-10,Quarter2,finishing,Tuesday,9,0.8,3.94,0.0,960,0,0.0,0,0,8.0,0.6895,medium
708,2015-02-10,Quarter2,finishing,Tuesday,6,0.75,2.9,0.0,960,0,0.0,0,0,8.0,0.628333333,medium
709,2015-02-10,Quarter2,sewing,Tuesday,7,0.5,30.1,1025.0,6960,23,0.0,0,1,58.0,0.500801724,low
710,2015-02-10,Quarter2,sewing,Tuesday,8,0.5,30.1,1061.0,6960,30,0.0,0,1,58.0,0.393548851,low
711,2015-02-11,Quarter2,finishing,Wednesday,4,0.7,4.15,0.0,1800,0,0.0,0,0,15.0,1.033155556,high
712,2015-02-11,Quarter2,finishing,Wednesday,12,0.8,4.08,0.0,1080,0,0.0,0,0,9.0,1.02,high
713,2015-02-11,Quarter2,sewing,Wednesday,2,0.8,22.52,1557.0,0,90,0.0,0,0,57.5,1.000344928,high
714,2015-02-11,Quarter2,sewing,Wednesday,1,0.8,22.52,1498.0,0,113,0.0,0,0,57.0,1.000065789,high
715,2015-02-11,Quarter2,finishing,Wednesday,8,0.35,4.15,0.0,1440,0,0.0,0,0,12.0,0.994375,high
716,2015-02-11,Quarter2,finishing,Wednesday,2,0.8,3.94,0.0,2160,0,0.0,0,0,18.0,0.912037037,high
717,2015-02-11,Quarter2,finishing,Wednesday,5,0.7,4.15,0.0,240,0,0.0,0,0,2.0,0.87,high
718,2015-02-11,Quarter2,sewing,Wednesday,10,0.8,22.52,598.0,0,75,0.0,0,0,56.0,0.850364583,high
719,2015-02-11,Quarter2,sewing,Wednesday,6,0.8,18.79,656.0,3480,38,0.0,0,0,34.0,0.800947475,high
720,2015-02-11,Quarter2,sewing,Wednesday,12,0.8,15.26,854.0,4080,50,0.0,0,0,34.0,0.800401961,high
721,2015-02-11,Quarter2,sewing,Wednesday,9,0.8,29.12,609.0,3240,50,0.0,0,0,58.0,0.800144144,high
722,2015-02-11,Quarter2,sewing,Wednesday,5,0.75,30.1,788.0,7380,56,0.0,0,0,59.5,0.750406233,medium
723,2015-02-11,Quarter2,sewing,Wednesday,8,0.6,30.1,1069.0,4560,30,0.0,0,1,58.0,0.714410494,medium
724,2015-02-11,Quarter2,sewing,Wednesday,4,0.7,30.1,667.0,5940,40,0.0,0,1,59.5,0.700588406,medium
725,2015-02-11,Quarter2,finishing,Wednesday,1,0.8,3.94,0.0,1440,0,0.0,0,0,12.0,0.618361111,medium
726,2015-02-11,Quarter2,sewing,Wednesday,7,0.6,30.1,829.0,3360,23,0.0,0,1,58.0,0.600070513,medium
727,2015-02-11,Quarter2,finishing,Wednesday,9,0.8,3.94,0.0,960,0,0.0,0,0,8.0,0.54175,low
728,2015-02-11,Quarter2,sewing,Wednesday,3,0.8,22.52,11.0,6840,0,0.0,0,1,57.0,0.536901754,low
729,2015-02-11,Quarter2,sewing,Wednesday,11,0.35,11.41,434.0,3240,0,0.0,0,1,52.0,0.507903226,low
730,2015-02-12,Quarter2,sewing,Thursday,1,0.8,22.52,1397.0,0,138,0.0,0,0,57.0,1.100483918,high
731,2015-02-12,Quarter2,finishing,Thursday,4,0.7,4.15,0.0,1800,0,0.0,0,0,15.0,1.096633333,high
732,2015-02-12,Quarter2,sewing,Thursday,2,0.8,22.52,1327.0,0,113,0.0,0,0,57.5,1.000344928,high
733,2015-02-12,Quarter2,finishing,Thursday,12,0.8,4.08,0.0,1080,0,0.0,0,0,9.0,0.838666667,high
734,2015-02-12,Quarter2,sewing,Thursday,12,0.8,15.26,894.0,4080,50,0.0,0,0,34.0,0.800401961,high
735,2015-02-12,Quarter2,finishing,Thursday,8,0.35,4.15,0.0,1440,0,0.0,0,0,12.0,0.755486111,medium
736,2015-02-12,Quarter2,sewing,Thursday,5,0.75,30.1,610.0,7080,56,0.0,0,0,59.0,0.750799435,medium
737,2015-02-12,Quarter2,sewing,Thursday,6,0.8,18.79,779.0,3960,0,0.0,0,0,33.0,0.688017677,medium
738,2015-02-12,Quarter2,finishing,Thursday,1,0.8,3.94,0.0,1440,0,0.0,0,0,12.0,0.664875,medium
739,2015-02-12,Quarter2,finishing,Thursday,9,0.8,3.94,0.0,960,0,0.0,0,0,8.0,0.656666667,medium
740,2015-02-12,Quarter2,sewing,Thursday,4,0.7,30.1,419.0,7080,0,0.0,0,1,59.0,0.637711864,medium
741,2015-02-12,Quarter2,finishing,Thursday,2,0.8,3.94,0.0,2160,0,0.0,0,0,18.0,0.601944444,medium
742,2015-02-12,Quarter2,finishing,Thursday,5,0.7,4.15,0.0,240,0,0.0,0,0,2.0,0.58,low
743,2015-02-12,Quarter2,sewing,Thursday,7,0.65,30.1,909.0,7080,0,0.0,0,1,59.0,0.535677966,low
744,2015-02-12,Quarter2,sewing,Thursday,11,0.5,11.41,1039.0,2280,0,0.0,0,2,55.0,0.50012336,low
745,2015-02-12,Quarter2,sewing,Thursday,9,0.8,29.12,14.0,6960,0,0.0,0,0,58.0,0.497885057,low
746,2015-02-12,Quarter2,sewing,Thursday,8,0.65,30.1,1193.0,7080,0,0.0,0,1,59.0,0.463403955,low
747,2015-02-12,Quarter2,sewing,Thursday,10,0.8,22.52,10.0,6000,0,0.0,0,0,50.0,0.441392,low
748,2015-02-12,Quarter2,sewing,Thursday,3,0.35,30.1,770.0,6960,0,0.0,0,1,58.0,0.350301724,low
749,2015-02-14,Quarter2,sewing,Saturday,1,0.8,22.52,1416.0,6840,113,0.0,0,0,57.0,1.000230409,high
750,2015-02-14,Quarter2,finishing,Saturday,7,0.7,4.15,0.0,1800,0,0.0,0,0,15.0,0.929277778,high
751,2015-02-14,Quarter2,finishing,Saturday,4,0.75,4.15,0.0,2400,0,0.0,0,0,20.0,0.902916667,high
752,2015-02-14,Quarter2,finishing,Saturday,12,0.8,4.08,0.0,1080,0,0.0,0,0,9.0,0.800888889,high
753,2015-02-14,Quarter2,sewing,Saturday,12,0.8,15.26,942.0,4080,63,0.0,0,0,34.0,0.800401961,high
754,2015-02-14,Quarter2,sewing,Saturday,2,0.8,22.52,674.0,3660,63,0.0,0,0,57.0,0.80037492,high
755,2015-02-14,Quarter2,finishing,Saturday,1,0.8,3.94,0.0,1440,0,0.0,0,0,12.0,0.796208333,medium
756,2015-02-14,Quarter2,sewing,Saturday,4,0.75,30.1,481.0,7140,0,0.0,0,1,59.0,0.750392157,medium
757,2015-02-14,Quarter2,sewing,Saturday,5,0.75,30.1,664.0,7140,56,0.0,0,0,59.0,0.750392157,medium
758,2015-02-14,Quarter2,finishing,Saturday,8,0.7,4.15,0.0,960,0,0.0,0,0,8.0,0.725625,medium
759,2015-02-14,Quarter2,sewing,Saturday,8,0.7,30.1,824.0,5160,0,0.0,0,1,60.0,0.700206125,medium
760,2015-02-14,Quarter2,sewing,Saturday,7,0.7,30.1,957.0,7200,0,0.0,0,1,60.0,0.602,medium
761,2015-02-14,Quarter2,sewing,Saturday,11,0.6,11.41,1039.0,2280,23,0.0,0,2,55.0,0.600447507,medium
762,2015-02-14,Quarter2,sewing,Saturday,6,0.8,18.79,822.0,4080,0,0.0,0,0,34.0,0.557252451,low
763,2015-02-14,Quarter2,sewing,Saturday,3,0.5,30.1,1261.0,6960,30,0.0,0,1,58.0,0.500801724,low
764,2015-02-14,Quarter2,finishing,Saturday,6,0.8,2.9,0.0,960,0,0.0,0,0,8.0,0.483333333,low
765,2015-02-14,Quarter2,finishing,Saturday,9,0.8,3.94,0.0,960,0,0.0,0,0,8.0,0.238041667,low
766,2015-02-15,Quarter3,finishing,Sunday,1,0.8,3.94,0.0,960,0,0.0,0,0,8.0,1.1204375,high
767,2015-02-15,Quarter3,finishing,Sunday,2,0.8,3.94,0.0,960,0,0.0,0,0,8.0,1.108125,high
768,2015-02-15,Quarter3,sewing,Sunday,1,0.8,22.52,1420.0,6840,113,0.0,0,0,57.0,1.000230409,high
769,2015-02-15,Quarter3,finishing,Sunday,12,0.8,4.08,0.0,1080,0,0.0,0,0,9.0,0.876444444,high
770,2015-02-15,Quarter3,sewing,Sunday,12,0.8,15.26,1120.0,1440,50,0.0,0,0,34.0,0.800806306,high
771,2015-02-15,Quarter3,finishing,Sunday,5,0.75,4.15,0.0,240,0,0.0,0,0,2.0,0.760833333,medium
772,2015-02-15,Quarter3,sewing,Sunday,5,0.8,30.1,679.0,7140,0,0.0,0,0,59.5,0.722568627,medium
773,2015-02-15,Quarter3,finishing,Sunday,11,0.6,2.9,0.0,1200,0,0.0,0,0,10.0,0.715333333,medium
774,2015-02-15,Quarter3,sewing,Sunday,7,0.7,30.1,881.0,7080,0,0.0,0,1,59.0,0.700632768,medium
775,2015-02-15,Quarter3,sewing,Sunday,8,0.7,30.1,507.0,5880,40,2.0,10,1,59.0,0.700573099,medium
776,2015-02-15,Quarter3,sewing,Sunday,6,0.75,18.79,814.0,4080,0,0.0,0,0,34.0,0.681598039,medium
777,2015-02-15,Quarter3,sewing,Sunday,11,0.65,11.41,700.0,2640,23,0.0,0,2,53.0,0.650223718,medium
778,2015-02-15,Quarter3,finishing,Sunday,8,0.7,4.15,0.0,960,0,0.0,0,0,8.0,0.605208333,medium
779,2015-02-15,Quarter3,finishing,Sunday,6,0.8,2.9,0.0,960,0,0.0,0,0,8.0,0.604166667,medium
780,2015-02-15,Quarter3,sewing,Sunday,4,0.75,30.1,919.0,7140,0,0.0,0,1,59.5,0.598627451,low
781,2015-02-15,Quarter3,sewing,Sunday,3,0.6,30.1,1361.0,6960,30,0.0,0,1,58.0,0.475718391,low
782,2015-02-15,Quarter3,sewing,Sunday,2,0.8,22.52,12.0,6900,0,0.0,0,0,57.5,0.432122899,low
783,2015-02-15,Quarter3,finishing,Sunday,4,0.75,4.15,0.0,2400,0,0.0,0,0,20.0,0.287041667,low
784,2015-02-15,Quarter3,sewing,Sunday,9,0.5,18.79,1688.0,5280,0,0.0,0,1,54.0,0.283054487,low
785,2015-02-16,Quarter3,sewing,Monday,1,0.8,22.52,1422.0,6840,113,0.0,0,0,57.0,1.000230409,high
786,2015-02-16,Quarter3,finishing,Monday,9,0.8,3.94,0.0,1200,0,0.0,0,0,10.0,0.960433333,high
787,2015-02-16,Quarter3,finishing,Monday,12,0.8,4.08,0.0,1080,0,0.0,0,0,9.0,0.891555556,high
788,2015-02-16,Quarter3,finishing,Monday,3,0.5,4.15,0.0,960,0,0.0,0,0,8.0,0.864583333,high
789,2015-02-16,Quarter3,sewing,Monday,3,0.65,30.1,1263.0,600,63,0.0,0,1,58.0,0.802243319,high
790,2015-02-16,Quarter3,sewing,Monday,5,0.8,30.1,461.0,0,0,0.0,0,0,59.0,0.800980392,high
791,2015-02-16,Quarter3,sewing,Monday,12,0.8,15.26,1079.0,3720,38,0.0,0,0,34.0,0.800312375,high
792,2015-02-16,Quarter3,finishing,Monday,6,0.8,2.9,0.0,960,0,0.0,0,0,8.0,0.773333333,medium
793,2015-02-16,Quarter3,sewing,Monday,6,0.75,18.79,895.0,3960,0,0.0,0,0,33.0,0.75065101,medium
794,2015-02-16,Quarter3,sewing,Monday,4,0.75,30.1,912.0,7020,0,0.0,0,1,58.0,0.750356125,medium
795,2015-02-16,Quarter3,finishing,Monday,4,0.75,4.15,0.0,1800,0,0.0,0,0,15.0,0.722333333,medium
796,2015-02-16,Quarter3,sewing,Monday,7,0.7,30.1,784.0,600,30,0.0,0,1,59.0,0.700459889,medium
797,2015-02-16,Quarter3,finishing,Monday,5,0.75,4.15,0.0,1200,0,0.0,0,0,10.0,0.629416667,medium
798,2015-02-16,Quarter3,sewing,Monday,8,0.7,30.1,7.0,7080,27,2.0,10,2,59.0,0.621971751,medium
799,2015-02-16,Quarter3,sewing,Monday,11,0.7,11.41,680.0,2160,30,0.0,0,2,54.0,0.565972222,low
800,2015-02-16,Quarter3,sewing,Monday,10,0.6,18.22,1131.0,5280,0,0.0,0,1,44.0,0.35542803,low
801,2015-02-16,Quarter3,sewing,Monday,9,0.6,18.79,2103.0,5400,0,0.0,0,1,54.0,0.329964879,low
802,2015-02-16,Quarter3,finishing,Monday,7,0.7,4.15,0.0,1800,0,0.0,0,0,15.0,0.258,low
803,2015-02-17,Quarter3,sewing,Tuesday,1,0.8,22.52,1445.0,6840,113,0.0,0,0,57.0,1.000230409,high
804,2015-02-17,Quarter3,finishing,Tuesday,10,0.8,3.94,0.0,960,0,0.0,0,0,8.0,0.927541667,high
805,2015-02-17,Quarter3,finishing,Tuesday,7,0.7,5.13,0.0,1200,0,0.0,0,0,10.0,0.91375,high
806,2015-02-17,Quarter3,finishing,Tuesday,12,0.8,5.13,0.0,1080,0,0.0,0,0,9.0,0.9025,high
807,2015-02-17,Quarter3,sewing,Tuesday,12,0.8,15.26,1133.0,4080,38,0.0,0,0,34.0,0.800401961,high
808,2015-02-17,Quarter3,finishing,Tuesday,3,0.5,5.13,0.0,1800,0,0.0,0,0,15.0,0.7866,medium
809,2015-02-17,Quarter3,sewing,Tuesday,6,0.75,18.79,726.0,3360,0,0.0,0,0,33.0,0.750621354,medium
810,2015-02-17,Quarter3,sewing,Tuesday,4,0.75,30.1,849.0,7020,45,0.0,0,1,58.0,0.750356125,medium
811,2015-02-17,Quarter3,finishing,Tuesday,6,0.8,2.9,0.0,960,0,0.0,0,0,8.0,0.749166667,medium
812,2015-02-17,Quarter3,sewing,Tuesday,7,0.7,30.1,562.0,840,30,0.0,0,1,59.0,0.700888203,medium
813,2015-02-17,Quarter3,sewing,Tuesday,11,0.7,11.41,1054.0,3420,30,0.0,0,2,56.0,0.700614035,medium
814,2015-02-17,Quarter3,sewing,Tuesday,3,0.7,30.1,1422.0,6960,50,0.0,0,1,58.0,0.700603448,medium
815,2015-02-17,Quarter3,finishing,Tuesday,4,0.75,5.13,0.0,960,0,0.0,0,0,8.0,0.656666667,medium
816,2015-02-17,Quarter3,sewing,Tuesday,5,0.8,30.1,680.0,7140,0,0.0,0,0,59.0,0.653431373,medium
817,2015-02-17,Quarter3,sewing,Tuesday,9,0.65,18.79,2120.0,5520,0,0.0,0,1,51.0,0.650134,medium
818,2015-02-17,Quarter3,sewing,Tuesday,8,0.6,29.4,179.0,0,23,5.0,30,2,58.0,0.600982906,medium
819,2015-02-17,Quarter3,finishing,Tuesday,9,0.8,3.94,0.0,960,0,0.0,0,0,8.0,0.586041667,low
820,2015-02-17,Quarter3,finishing,Tuesday,2,0.8,5.13,0.0,1800,0,0.0,0,0,15.0,0.5814,low
821,2015-02-17,Quarter3,sewing,Tuesday,2,0.5,30.33,838.0,6720,0,0.0,0,1,56.0,0.361071429,low
822,2015-02-17,Quarter3,sewing,Tuesday,10,0.65,18.22,741.0,0,0,8.0,35,1,49.0,0.302117347,low
823,2015-02-18,Quarter3,finishing,Wednesday,12,0.8,5.13,0.0,1200,0,0.0,0,0,10.0,0.9918,high
824,2015-02-18,Quarter3,finishing,Wednesday,6,0.8,2.9,0.0,1440,0,0.0,0,0,12.0,0.936861111,high
825,2015-02-18,Quarter3,finishing,Wednesday,2,0.8,5.13,0.0,1440,0,0.0,0,0,12.0,0.919125,high
826,2015-02-18,Quarter3,sewing,Wednesday,11,0.7,11.41,685.0,3360,30,0.0,0,2,56.0,0.8211125,high
827,2015-02-18,Quarter3,sewing,Wednesday,4,0.8,30.1,864.0,480,50,0.0,0,1,58.0,0.800980392,high
828,2015-02-18,Quarter3,sewing,Wednesday,5,0.8,30.1,511.0,0,0,0.0,0,0,59.0,0.800980392,high
829,2015-02-18,Quarter3,sewing,Wednesday,12,0.8,15.26,1095.0,4080,63,0.0,0,0,34.0,0.800401961,high
830,2015-02-18,Quarter3,sewing,Wednesday,1,0.8,22.52,1374.0,3960,63,0.0,0,0,57.0,0.800279693,high
831,2015-02-18,Quarter3,sewing,Wednesday,6,0.75,18.79,759.0,3960,34,0.0,0,0,33.0,0.75065101,medium
832,2015-02-18,Quarter3,sewing,Wednesday,7,0.75,30.1,553.0,2280,45,0.0,0,1,59.0,0.75053268,medium
833,2015-02-18,Quarter3,finishing,Wednesday,4,0.75,5.13,0.0,960,0,0.0,0,0,8.0,0.734645833,medium
834,2015-02-18,Quarter3,sewing,Wednesday,3,0.7,30.1,1057.0,0,40,0.0,0,1,58.0,0.700603448,medium
835,2015-02-18,Quarter3,sewing,Wednesday,9,0.7,18.79,1587.0,4560,30,0.0,0,1,51.0,0.70009573,medium
836,2015-02-18,Quarter3,finishing,Wednesday,7,0.7,5.13,0.0,960,0,0.0,0,0,8.0,0.671875,medium
837,2015-02-18,Quarter3,finishing,Wednesday,10,0.8,3.94,0.0,960,0,0.0,0,0,8.0,0.64025,medium
838,2015-02-18,Quarter3,finishing,Wednesday,8,0.7,5.13,0.0,960,0,0.0,0,0,8.0,0.58,low
839,2015-02-18,Quarter3,finishing,Wednesday,9,0.8,3.94,0.0,960,0,0.0,0,0,8.0,0.549791667,low
840,2015-02-18,Quarter3,sewing,Wednesday,2,0.6,30.33,868.0,6840,0,0.0,0,1,57.0,0.328131579,low
841,2015-02-18,Quarter3,sewing,Wednesday,10,0.7,19.68,1119.0,5640,0,8.0,35,1,47.0,0.303574468,low
842,2015-02-18,Quarter3,finishing,Wednesday,3,0.5,5.13,0.0,960,0,0.0,0,0,8.0,0.2565,low
843,2015-02-18,Quarter3,sewing,Wednesday,8,0.65,29.4,962.0,4560,0,4.5,30,2,57.0,0.251399254,low
844,2015-02-19,Quarter3,finishing,Thursday,3,0.5,5.13,0.0,2880,0,0.0,0,0,12.0,0.81640625,high
845,2015-02-19,Quarter3,sewing,Thursday,12,0.8,15.26,1126.0,1080,38,0.0,0,0,34.0,0.800711494,high
846,2015-02-19,Quarter3,sewing,Thursday,1,0.8,22.52,265.0,3840,63,0.0,0,0,57.0,0.800470513,high
847,2015-02-19,Quarter3,sewing,Thursday,4,0.8,30.1,859.0,7020,63,0.0,0,1,58.5,0.800094017,high
848,2015-02-19,Quarter3,sewing,Thursday,5,0.8,30.1,276.0,600,63,3.5,15,0,59.5,0.799982853,medium
849,2015-02-19,Quarter3,finishing,Thursday,6,0.8,2.9,0.0,4320,0,0.0,0,0,18.0,0.785864198,medium
850,2015-02-19,Quarter3,sewing,Thursday,6,0.75,18.79,899.0,3960,56,0.0,0,0,33.0,0.75065101,medium
851,2015-02-19,Quarter3,finishing,Thursday,10,0.8,3.94,0.0,2400,0,0.0,0,0,10.0,0.733277778,medium
852,2015-02-19,Quarter3,finishing,Thursday,2,0.8,5.13,0.0,3600,0,0.0,0,0,15.0,0.710125,medium
853,2015-02-19,Quarter3,sewing,Thursday,3,0.7,30.1,247.0,6960,50,0.0,0,1,58.0,0.700603448,medium
854,2015-02-19,Quarter3,sewing,Thursday,11,0.7,11.41,653.0,3480,30,0.0,0,2,58.0,0.700540441,medium
855,2015-02-19,Quarter3,sewing,Thursday,8,0.7,29.4,1116.0,6240,0,0.0,0,2,57.0,0.7,medium
856,2015-02-19,Quarter3,finishing,Thursday,4,0.75,5.13,0.0,1920,0,0.0,0,0,8.0,0.684027778,medium
857,2015-02-19,Quarter3,finishing,Thursday,8,0.7,5.13,0.0,1920,0,0.0,0,0,8.0,0.672135417,medium
858,2015-02-19,Quarter3,sewing,Thursday,9,0.7,18.79,1603.0,6120,30,0.0,0,1,51.0,0.638614379,medium
859,2015-02-19,Quarter3,finishing,Thursday,5,0.75,5.13,0.0,1920,0,0.0,0,0,8.0,0.631354167,medium
860,2015-02-19,Quarter3,sewing,Thursday,7,0.75,30.1,444.0,0,0,5.0,20,1,59.0,0.611140537,medium
861,2015-02-19,Quarter3,finishing,Thursday,12,0.8,5.13,0.0,2160,0,0.0,0,0,9.0,0.609583333,medium
862,2015-02-19,Quarter3,sewing,Thursday,2,0.65,30.33,841.0,6840,0,0.0,0,1,57.0,0.585315789,low
863,2015-02-19,Quarter3,sewing,Thursday,10,0.7,19.68,1410.0,5760,0,0.0,0,1,48.0,0.249416667,low
864,2015-02-22,Quarter4,finishing,Sunday,3,0.5,5.13,0.0,1800,0,0.0,0,0,15.0,0.8721,high
865,2015-02-22,Quarter4,finishing,Sunday,6,0.8,2.9,0.0,960,0,0.0,0,0,8.0,0.8319375,high
866,2015-02-22,Quarter4,finishing,Sunday,2,0.8,5.13,0.0,4800,0,0.0,0,0,20.0,0.8300625,high
867,2015-02-22,Quarter4,finishing,Sunday,11,0.6,2.9,0.0,2880,0,0.0,0,0,12.0,0.805555556,high
868,2015-02-22,Quarter4,sewing,Sunday,12,0.8,15.26,1103.0,4080,63,0.0,0,0,34.0,0.800401961,high
869,2015-02-22,Quarter4,sewing,Sunday,4,0.8,30.1,922.0,5820,63,0.0,0,1,59.0,0.80000295,high
870,2015-02-22,Quarter4,finishing,Sunday,12,0.8,5.13,0.0,2400,0,0.0,0,0,10.0,0.78375,medium
871,2015-02-22,Quarter4,finishing,Sunday,9,0.8,3.94,0.0,2400,0,0.0,0,0,10.0,0.753525,medium
872,2015-02-22,Quarter4,sewing,Sunday,6,0.75,18.79,1055.0,3960,45,0.0,0,0,33.0,0.75065101,medium
873,2015-02-22,Quarter4,finishing,Sunday,1,0.8,3.94,0.0,2880,0,0.0,0,0,12.0,0.727349537,medium
874,2015-02-22,Quarter4,sewing,Sunday,8,0.7,29.4,1146.0,6840,40,0.0,0,2,57.0,0.700614035,medium
875,2015-02-22,Quarter4,sewing,Sunday,2,0.7,30.33,746.0,6840,0,0.0,0,1,57.0,0.700605263,medium
876,2015-02-22,Quarter4,sewing,Sunday,11,0.75,11.41,834.0,3480,0,0.0,0,2,58.0,0.672140805,medium
877,2015-02-22,Quarter4,sewing,Sunday,9,0.7,18.79,1717.0,3240,30,0.0,0,1,57.0,0.627011183,medium
878,2015-02-22,Quarter4,sewing,Sunday,3,0.7,30.1,1041.0,8160,33,0.0,0,2,58.0,0.626577778,medium
879,2015-02-22,Quarter4,sewing,Sunday,10,0.7,21.25,1531.0,6000,0,0.0,0,1,50.0,0.456875,low
880,2015-02-22,Quarter4,sewing,Sunday,7,0.75,30.1,627.0,6960,0,3.5,20,1,58.0,0.393548851,low
881,2015-02-22,Quarter4,finishing,Sunday,10,0.8,3.94,0.0,960,0,0.0,0,0,8.0,0.385791667,low
882,2015-02-22,Quarter4,sewing,Sunday,5,0.8,30.1,450.0,5700,0,4.5,25,0,60.0,0.307501459,low
883,2015-02-22,Quarter4,finishing,Sunday,7,0.7,5.13,0.0,960,0,0.0,0,0,8.0,0.283958333,low
884,2015-02-23,Quarter4,finishing,Monday,10,0.8,3.94,0.0,2400,0,0.0,0,0,20.0,0.955791667,high
885,2015-02-23,Quarter4,finishing,Monday,8,0.7,5.13,0.0,960,0,0.0,0,0,8.0,0.930416667,high
886,2015-02-23,Quarter4,finishing,Monday,12,0.8,5.13,0.0,1080,0,0.0,0,0,9.0,0.9025,high
887,2015-02-23,Quarter4,finishing,Monday,3,0.8,5.13,0.0,2160,0,0.0,0,0,18.0,0.87115,high
888,2015-02-23,Quarter4,sewing,Monday,12,0.8,15.26,1060.0,4080,63,0.0,0,0,34.0,0.800401961,high
889,2015-02-23,Quarter4,sewing,Monday,4,0.8,30.1,891.0,7140,38,0.0,0,1,59.0,0.800137255,high
890,2015-02-23,Quarter4,sewing,Monday,5,0.8,30.1,541.0,7140,38,0.0,0,0,59.0,0.800137255,high
891,2015-02-23,Quarter4,sewing,Monday,7,0.75,30.1,709.0,6960,45,0.0,0,1,58.0,0.750770115,medium
892,2015-02-23,Quarter4,sewing,Monday,6,0.75,18.79,1100.0,3960,45,0.0,0,0,33.0,0.75065101,medium
893,2015-02-23,Quarter4,sewing,Monday,11,0.75,11.41,826.0,2820,0,0.0,0,2,58.0,0.750293939,medium
894,2015-02-23,Quarter4,sewing,Monday,2,0.7,30.33,577.0,2160,30,0.0,0,1,58.0,0.700623,medium
895,2015-02-23,Quarter4,sewing,Monday,8,0.7,29.4,1094.0,6840,40,0.0,0,2,57.0,0.700614035,medium
896,2015-02-23,Quarter4,sewing,Monday,3,0.7,29.4,1228.0,6960,30,0.0,0,2,58.0,0.700362069,medium
897,2015-02-23,Quarter4,sewing,Monday,9,0.7,18.79,1641.0,6000,40,0.0,0,1,50.0,0.60128,medium
898,2015-02-23,Quarter4,sewing,Monday,10,0.7,21.25,1583.0,6000,0,0.0,0,1,50.0,0.417916667,low
899,2015-02-23,Quarter4,finishing,Monday,6,0.8,2.9,0.0,960,0,0.0,0,0,8.0,0.3715625,low
900,2015-02-23,Quarter4,finishing,Monday,9,0.8,2.9,0.0,960,0,0.0,0,0,8.0,0.3715625,low
901,2015-02-23,Quarter4,finishing,Monday,2,0.8,5.13,0.0,960,0,0.0,0,0,8.0,0.36871875,low
902,2015-02-23,Quarter4,finishing,Monday,7,0.7,5.13,0.0,960,0,0.0,0,0,8.0,0.356458333,low
903,2015-02-24,Quarter4,finishing,Tuesday,10,0.7,2.9,0.0,1800,0,0.0,0,0,15.0,0.902222222,high
904,2015-02-24,Quarter4,finishing,Tuesday,3,0.8,4.6,0.0,1440,0,0.0,0,0,12.0,0.811388889,high
905,2015-02-24,Quarter4,sewing,Tuesday,12,0.8,15.26,1062.0,4080,50,0.0,0,0,34.0,0.800401961,high
906,2015-02-24,Quarter4,sewing,Tuesday,5,0.8,30.1,450.0,7140,50,0.0,0,0,60.0,0.800137255,high
907,2015-02-24,Quarter4,sewing,Tuesday,4,0.8,30.1,901.0,6480,50,0.0,0,1,59.0,0.800071839,high
908,2015-02-24,Quarter4,finishing,Tuesday,8,0.7,4.6,0.0,960,0,0.0,0,0,8.0,0.791458333,medium
909,2015-02-24,Quarter4,sewing,Tuesday,7,0.75,30.1,739.0,5640,45,0.0,0,1,59.0,0.750727326,medium
910,2015-02-24,Quarter4,sewing,Tuesday,6,0.75,18.79,913.0,3360,45,0.0,0,0,33.0,0.75065101,medium
911,2015-02-24,Quarter4,sewing,Tuesday,11,0.75,11.61,698.0,3360,34,0.0,0,2,57.0,0.750437269,medium
912,2015-02-24,Quarter4,sewing,Tuesday,3,0.75,29.4,1172.0,5340,45,0.0,0,2,60.0,0.750176991,medium
913,2015-02-24,Quarter4,finishing,Tuesday,6,0.75,2.9,0.0,1800,0,0.0,0,0,15.0,0.726933333,medium
914,2015-02-24,Quarter4,finishing,Tuesday,9,0.7,2.9,0.0,1800,0,0.0,0,0,15.0,0.726933333,medium
915,2015-02-24,Quarter4,sewing,Tuesday,2,0.7,30.33,408.0,1680,30,0.0,0,1,59.0,0.700623,medium
916,2015-02-24,Quarter4,sewing,Tuesday,8,0.7,29.4,1079.0,4560,40,0.0,0,2,58.0,0.700518519,medium
917,2015-02-24,Quarter4,sewing,Tuesday,9,0.7,18.79,1068.0,3000,30,0.0,0,1,52.0,0.700256795,medium
918,2015-02-24,Quarter4,finishing,Tuesday,11,0.7,2.9,0.0,960,0,0.0,0,0,8.0,0.5046875,low
919,2015-02-24,Quarter4,sewing,Tuesday,10,0.7,21.25,1834.0,6360,0,0.0,0,1,53.0,0.471108491,low
920,2015-02-24,Quarter4,finishing,Tuesday,2,0.7,3.9,0.0,960,0,0.0,0,0,8.0,0.325,low
921,2015-02-24,Quarter4,sewing,Tuesday,1,0.6,22.53,708.0,5040,0,0.0,0,1,42.0,0.268214286,low
922,2015-02-25,Quarter4,sewing,Wednesday,9,0.75,18.79,1085.0,6240,56,0.0,0,1,52.0,0.970816667,high
923,2015-02-25,Quarter4,finishing,Wednesday,5,0.8,4.6,0.0,1080,0,0.0,0,0,9.0,0.902962963,high
924,2015-02-25,Quarter4,finishing,Wednesday,3,0.8,4.6,0.0,2400,0,0.0,0,0,20.0,0.900833333,high
925,2015-02-25,Quarter4,finishing,Wednesday,12,0.8,4.6,0.0,1800,0,0.0,0,0,15.0,0.899555556,high
926,2015-02-25,Quarter4,finishing,Wednesday,10,0.7,2.9,0.0,1200,0,0.0,0,0,10.0,0.845833333,high
927,2015-02-25,Quarter4,sewing,Wednesday,4,0.8,30.1,323.0,4080,50,0.0,0,1,59.0,0.800808642,high
928,2015-02-25,Quarter4,sewing,Wednesday,12,0.8,15.26,1053.0,4080,50,0.0,0,0,34.0,0.800401961,high
929,2015-02-25,Quarter4,sewing,Wednesday,7,0.8,30.1,786.0,7080,50,0.0,0,2,59.0,0.800115819,high
930,2015-02-25,Quarter4,sewing,Wednesday,6,0.75,18.79,1003.0,3960,45,0.0,0,1,33.0,0.75065101,medium
931,2015-02-25,Quarter4,sewing,Wednesday,11,0.75,11.61,635.0,3360,45,0.0,0,0,57.0,0.750503571,medium
932,2015-02-25,Quarter4,sewing,Wednesday,3,0.75,29.4,1283.0,6960,45,0.0,0,2,58.0,0.750206897,medium
933,2015-02-25,Quarter4,sewing,Wednesday,8,0.7,29.4,847.0,6960,30,0.0,0,1,58.0,0.700362069,medium
934,2015-02-25,Quarter4,sewing,Wednesday,2,0.7,30.33,361.0,3960,30,0.0,0,1,58.0,0.700069811,medium
935,2015-02-25,Quarter4,sewing,Wednesday,10,0.7,21.82,1653.0,6240,0,0.0,0,2,52.0,0.700058333,medium
936,2015-02-25,Quarter4,finishing,Wednesday,7,0.75,4.6,0.0,960,0,0.0,0,0,8.0,0.676666667,medium
937,2015-02-25,Quarter4,finishing,Wednesday,8,0.7,4.6,0.0,960,0,0.0,0,0,8.0,0.658541667,medium
938,2015-02-25,Quarter4,sewing,Wednesday,5,0.8,30.1,15.0,1200,49,0.0,0,1,59.0,0.598792339,low
939,2015-02-25,Quarter4,sewing,Wednesday,1,0.65,22.53,762.0,5040,0,0.0,0,1,42.0,0.581130952,low
940,2015-02-25,Quarter4,finishing,Wednesday,2,0.7,3.9,0.0,960,0,0.0,0,0,8.0,0.440375,low
941,2015-02-25,Quarter4,finishing,Wednesday,6,0.75,2.9,0.0,960,0,0.0,0,0,8.0,0.410833333,low
942,2015-02-25,Quarter4,finishing,Wednesday,9,0.7,2.9,0.0,960,0,0.0,0,0,8.0,0.410833333,low
943,2015-02-26,Quarter4,finishing,Thursday,3,0.8,4.6,0.0,6300,0,0.0,0,0,15.0,0.921703704,high
944,2015-02-26,Quarter4,finishing,Thursday,5,0.8,4.6,0.0,7560,0,0.0,0,0,18.0,0.921604938,high
945,2015-02-26,Quarter4,sewing,Thursday,7,0.8,30.1,694.0,4080,50,0.0,0,1,59.0,0.800808642,high
946,2015-02-26,Quarter4,sewing,Thursday,11,0.8,11.61,816.0,2820,50,0.0,0,2,57.0,0.800516667,high
947,2015-02-26,Quarter4,sewing,Thursday,12,0.8,15.26,1065.0,4080,63,0.0,0,0,34.0,0.800401961,high
948,2015-02-26,Quarter4,finishing,Thursday,1,0.5,3.94,0.0,3360,0,0.0,0,0,8.0,0.768847222,medium
949,2015-02-26,Quarter4,sewing,Thursday,6,0.75,18.79,912.0,3960,45,0.0,0,0,33.0,0.75065101,medium
950,2015-02-26,Quarter4,sewing,Thursday,3,0.75,29.4,1244.0,6840,45,0.0,0,2,57.0,0.750473684,medium
951,2015-02-26,Quarter4,sewing,Thursday,9,0.75,18.79,1020.0,5640,45,0.0,0,1,52.0,0.750371895,medium
952,2015-02-26,Quarter4,sewing,Thursday,8,0.75,29.4,916.0,6960,56,0.0,0,2,58.0,0.750206897,medium
953,2015-02-26,Quarter4,sewing,Thursday,10,0.7,21.82,1591.0,3240,0,0.0,0,1,52.0,0.700251773,medium
954,2015-02-26,Quarter4,sewing,Thursday,2,0.7,30.33,398.0,6960,0,0.0,0,1,58.0,0.66237931,medium
955,2015-02-26,Quarter4,finishing,Thursday,12,0.8,4.6,0.0,3780,0,0.0,0,0,9.0,0.590617284,low
956,2015-02-26,Quarter4,finishing,Thursday,2,0.7,3.9,0.0,960,0,0.0,0,0,8.0,0.5565625,low
957,2015-02-26,Quarter4,sewing,Thursday,4,0.8,30.1,437.0,7080,32,0.0,0,2,59.0,0.495617514,low
958,2015-02-26,Quarter4,sewing,Thursday,5,0.35,27.48,413.0,6840,38,0.0,0,1,57.0,0.449964912,low
959,2015-02-26,Quarter4,finishing,Thursday,10,0.7,2.9,0.0,3360,0,0.0,0,0,8.0,0.410833333,low
960,2015-02-26,Quarter4,finishing,Thursday,9,0.75,2.9,0.0,960,0,0.0,0,0,8.0,0.4078125,low
961,2015-02-26,Quarter4,sewing,Thursday,1,0.35,26.66,1164.0,6600,23,0.0,0,2,55.0,0.378895152,low
962,2015-02-26,Quarter4,finishing,Thursday,8,0.75,4.6,0.0,3360,0,0.0,0,0,8.0,0.376597222,low
963,2015-02-26,Quarter4,finishing,Thursday,6,0.75,2.9,0.0,3360,0,0.0,0,0,8.0,0.271875,low
964,2015-02-28,Quarter4,finishing,Saturday,3,0.8,4.6,0.0,6300,0,0.0,0,0,15.0,0.921703704,high
965,2015-02-28,Quarter4,finishing,Saturday,5,0.8,4.6,0.0,7560,0,0.0,0,0,18.0,0.921604938,high
966,2015-02-28,Quarter4,sewing,Saturday,11,0.8,11.61,954.0,0,50,0.0,0,2,58.0,0.800779018,high
967,2015-02-28,Quarter4,sewing,Saturday,12,0.8,15.26,1194.0,1700,62,0.0,0,0,34.0,0.800260821,high
968,2015-02-28,Quarter4,sewing,Saturday,7,0.8,30.1,644.0,840,38,0.0,0,1,59.0,0.799982853,medium
969,2015-02-28,Quarter4,finishing,Saturday,1,0.5,3.94,0.0,3360,0,0.0,0,0,8.0,0.768847222,medium
970,2015-02-28,Quarter4,sewing,Saturday,3,0.75,29.4,1144.0,4440,45,0.0,0,2,57.0,0.750716981,medium
971,2015-02-28,Quarter4,sewing,Saturday,6,0.75,18.79,1012.0,3960,45,0.0,0,0,33.0,0.75065101,medium
972,2015-02-28,Quarter4,sewing,Saturday,8,0.75,29.4,792.0,4560,56,0.0,0,2,58.0,0.750425926,medium
973,2015-02-28,Quarter4,sewing,Saturday,9,0.75,18.79,841.0,6240,45,0.0,0,1,52.0,0.750395513,medium
974,2015-02-28,Quarter4,sewing,Saturday,10,0.7,21.82,1448.0,6120,40,0.0,0,1,51.0,0.700236601,medium
975,2015-02-28,Quarter4,sewing,Saturday,2,0.7,30.33,512.0,4560,0,0.0,0,1,58.0,0.700211111,medium
976,2015-02-28,Quarter4,finishing,Saturday,12,0.8,4.6,0.0,3780,0,0.0,0,0,9.0,0.590617284,low
977,2015-02-28,Quarter4,finishing,Saturday,2,0.7,3.9,0.0,960,0,0.0,0,0,8.0,0.5565625,low
978,2015-02-28,Quarter4,sewing,Saturday,5,0.5,27.48,609.0,6840,30,0.0,0,1,57.0,0.550403509,low
979,2015-02-28,Quarter4,sewing,Saturday,1,0.5,26.66,1448.0,6840,30,0.0,0,2,57.0,0.550349708,low
980,2015-02-28,Quarter4,sewing,Saturday,4,0.5,26.66,556.0,6960,23,0.0,0,2,58.0,0.500258046,low
981,2015-02-28,Quarter4,finishing,Saturday,10,0.7,2.9,0.0,3360,0,0.0,0,0,8.0,0.410833333,low
982,2015-02-28,Quarter4,finishing,Saturday,9,0.75,2.9,0.0,960,0,0.0,0,0,8.0,0.4078125,low
983,2015-02-28,Quarter4,finishing,Saturday,8,0.75,4.6,0.0,3360,0,0.0,0,0,8.0,0.376597222,low
984,2015-02-28,Quarter4,finishing,Saturday,6,0.75,2.9,0.0,3360,0,0.0,0,0,8.0,0.271875,low
985,2015-03-01,Quarter1,finishing,Sunday,3,0.8,4.6,0.0,10500,0,0.0,0,0,25.0,0.936355556,high
986,2015-03-01,Quarter1,finishing,Sunday,8,0.75,4.6,0.0,3360,0,0.0,0,0,8.0,0.813611111,high
987,2015-03-01,Quarter1,sewing,Sunday,12,0.8,15.26,1106.0,4080,63,0.0,0,0,34.0,0.800401961,high
988,2015-03-01,Quarter1,sewing,Sunday,8,0.75,29.4,622.0,6240,56,0.0,0,0,57.0,0.75075,medium
989,2015-03-01,Quarter1,sewing,Sunday,6,0.75,18.79,1193.0,3960,45,0.0,0,0,33.0,0.75065101,medium
990,2015-03-01,Quarter1,sewing,Sunday,3,0.75,29.4,1143.0,6840,45,0.0,0,0,57.0,0.750473684,medium
991,2015-03-01,Quarter1,sewing,Sunday,9,0.75,18.79,895.0,6240,34,0.0,0,0,52.0,0.750395513,medium
992,2015-03-01,Quarter1,sewing,Sunday,5,0.6,27.48,549.0,6720,38,0.0,0,0,56.0,0.707446429,medium
993,2015-03-01,Quarter1,sewing,Sunday,10,0.7,21.82,1393.0,5640,30,0.0,0,0,52.0,0.700236601,medium
994,2015-03-01,Quarter1,sewing,Sunday,1,0.6,26.66,1578.0,6840,38,0.0,0,0,57.0,0.700019883,medium
995,2015-03-01,Quarter1,sewing,Sunday,2,0.7,30.33,254.0,1800,0,0.0,0,0,58.0,0.683550607,medium
996,2015-03-01,Quarter1,sewing,Sunday,11,0.8,11.61,347.0,0,50,4.0,20,0,57.0,0.682433036,medium
997,2015-03-01,Quarter1,finishing,Sunday,4,0.6,3.94,0.0,960,0,0.0,0,0,8.0,0.673083333,medium
998,2015-03-01,Quarter1,finishing,Sunday,10,0.7,2.9,0.0,3360,0,0.0,0,0,8.0,0.664583333,medium
999,2015-03-01,Quarter1,sewing,Sunday,4,0.6,26.66,692.0,6840,23,0.0,0,0,57.0,0.600239766,medium
1000,2015-03-01,Quarter1,finishing,Sunday,2,0.7,3.9,0.0,960,0,0.0,0,0,8.0,0.585,low
1001,2015-03-01,Quarter1,sewing,Sunday,7,0.8,30.1,934.0,6960,0,3.5,15,0,58.0,0.579511494,low
1002,2015-03-01,Quarter1,finishing,Sunday,1,0.6,3.94,0.0,3360,0,0.0,0,0,8.0,0.448722222,low
1003,2015-03-01,Quarter1,finishing,Sunday,9,0.75,2.9,0.0,960,0,0.0,0,0,8.0,0.447083333,low
1004,2015-03-01,Quarter1,finishing,Sunday,7,0.8,4.6,0.0,3360,0,0.0,0,0,8.0,0.350416667,low
1005,2015-03-02,Quarter1,finishing,Monday,2,0.7,3.9,0.0,1200,0,0.0,0,0,10.0,0.92885,high
1006,2015-03-02,Quarter1,finishing,Monday,3,0.8,4.6,0.0,10080,0,0.0,0,0,24.0,0.86037037,high
1007,2015-03-02,Quarter1,finishing,Monday,4,0.65,3.94,0.0,960,0,0.0,0,0,8.0,0.806879167,high
1008,2015-03-02,Quarter1,sewing,Monday,1,0.65,26.66,1527.0,6840,65,0.0,0,0,57.0,0.800579532,high
1009,2015-03-02,Quarter1,sewing,Monday,12,0.8,15.26,1035.0,4080,63,0.0,0,0,34.0,0.800401961,high
1010,2015-03-02,Quarter1,finishing,Monday,9,0.75,2.9,0.0,1200,0,0.0,0,0,10.0,0.8004,high
1011,2015-03-02,Quarter1,sewing,Monday,11,0.8,11.61,632.0,0,50,0.0,0,0,57.0,0.800309211,high
1012,2015-03-02,Quarter1,sewing,Monday,3,0.8,29.4,1231.0,4680,50,0.0,0,0,57.0,0.800149813,high
1013,2015-03-02,Quarter1,sewing,Monday,7,0.8,30.1,616.0,7080,0,0.0,0,0,59.0,0.800115819,high
1014,2015-03-02,Quarter1,finishing,Monday,8,0.75,4.6,0.0,3360,0,0.0,0,0,8.0,0.773333333,medium
1015,2015-03-02,Quarter1,sewing,Monday,6,0.75,18.79,947.0,2880,34,0.0,0,0,33.0,0.750797009,medium
1016,2015-03-02,Quarter1,sewing,Monday,8,0.75,29.4,551.0,6840,45,0.0,0,0,57.0,0.750473684,medium
1017,2015-03-02,Quarter1,sewing,Monday,9,0.75,18.79,935.0,6240,45,0.0,0,0,52.0,0.750395513,medium
1018,2015-03-02,Quarter1,sewing,Monday,4,0.65,26.66,832.0,6780,55,0.0,0,0,57.0,0.750254867,medium
1019,2015-03-02,Quarter1,sewing,Monday,5,0.65,27.48,544.0,6720,34,0.0,0,0,56.0,0.700903571,medium
1020,2015-03-02,Quarter1,sewing,Monday,10,0.7,21.82,1511.0,3600,30,0.0,0,0,51.0,0.70013604,medium
1021,2015-03-02,Quarter1,finishing,Monday,10,0.7,2.9,0.0,3360,0,0.0,0,0,8.0,0.632361111,medium
1022,2015-03-02,Quarter1,finishing,Monday,12,0.8,4.6,0.0,3780,0,0.0,0,0,9.0,0.607654321,medium
1023,2015-03-02,Quarter1,finishing,Monday,1,0.65,3.94,0.0,3360,0,0.0,0,0,8.0,0.537919444,low
1024,2015-03-02,Quarter1,finishing,Monday,7,0.8,4.6,0.0,3360,0,0.0,0,0,8.0,0.342361111,low
1025,2015-03-03,Quarter1,finishing,Tuesday,7,0.8,4.6,0.0,4200,0,0.0,0,0,10.0,0.999533333,high
1026,2015-03-03,Quarter1,finishing,Tuesday,3,0.8,4.6,0.0,6300,0,0.0,0,0,15.0,0.902962963,high
1027,2015-03-03,Quarter1,sewing,Tuesday,11,0.8,11.41,601.0,0,50,0.0,0,0,56.0,0.800701754,high
1028,2015-03-03,Quarter1,sewing,Tuesday,1,0.7,26.66,1562.0,6960,60,0.0,0,0,58.0,0.800566092,high
1029,2015-03-03,Quarter1,sewing,Tuesday,12,0.8,15.26,983.0,4080,50,0.0,0,0,34.0,0.800401961,high
1030,2015-03-03,Quarter1,sewing,Tuesday,3,0.8,29.4,1156.0,6840,50,0.0,0,0,57.0,0.800333333,high
1031,2015-03-03,Quarter1,sewing,Tuesday,7,0.8,30.1,29.0,7080,50,0.0,0,0,59.0,0.800115819,high
1032,2015-03-03,Quarter1,sewing,Tuesday,4,0.7,26.66,950.0,6960,50,0.0,0,0,58.0,0.750770115,medium
1033,2015-03-03,Quarter1,sewing,Tuesday,8,0.75,29.4,534.0,6840,56,0.0,0,0,57.0,0.750473684,medium
1034,2015-03-03,Quarter1,sewing,Tuesday,9,0.75,18.79,1096.0,6240,34,0.0,0,0,52.0,0.750395513,medium
1035,2015-03-03,Quarter1,sewing,Tuesday,6,0.75,20.2,402.0,3120,45,0.0,0,0,33.0,0.750212553,medium
1036,2015-03-03,Quarter1,finishing,Tuesday,8,0.75,4.6,0.0,3360,0,0.0,0,0,8.0,0.702777778,medium
1037,2015-03-03,Quarter1,sewing,Tuesday,5,0.7,27.48,573.0,6840,30,0.0,0,0,57.0,0.700659649,medium
1038,2015-03-03,Quarter1,sewing,Tuesday,10,0.7,21.82,1313.0,5040,30,0.0,0,0,51.0,0.699984417,medium
1039,2015-03-03,Quarter1,finishing,Tuesday,12,0.8,4.6,0.0,3780,0,0.0,0,0,9.0,0.636049383,medium
1040,2015-03-03,Quarter1,finishing,Tuesday,2,0.4,3.9,0.0,6300,0,0.0,0,0,15.0,0.567377778,low
1041,2015-03-03,Quarter1,finishing,Tuesday,1,0.7,3.94,0.0,3360,0,0.0,0,0,8.0,0.555430556,low
1042,2015-03-03,Quarter1,finishing,Tuesday,4,0.7,3.94,0.0,3360,0,0.0,0,0,8.0,0.555430556,low
1043,2015-03-03,Quarter1,finishing,Tuesday,10,0.7,2.9,0.0,3360,0,0.0,0,0,8.0,0.463194444,low
1044,2015-03-03,Quarter1,finishing,Tuesday,5,0.7,4.6,0.0,3360,0,0.0,0,0,8.0,0.354444444,low
1045,2015-03-03,Quarter1,finishing,Tuesday,6,0.75,2.9,0.0,3360,0,0.0,0,0,8.0,0.309333333,low
1046,2015-03-03,Quarter1,sewing,Tuesday,2,0.4,15.28,157.0,5400,0,6.5,30,1,45.0,0.30277037,low
1047,2015-03-04,Quarter1,finishing,Wednesday,3,0.8,4.6,0.0,1200,0,0.0,0,0,10.0,0.939166667,high
1048,2015-03-04,Quarter1,finishing,Wednesday,8,0.8,4.6,0.0,960,0,0.0,0,0,8.0,0.930416667,high
1049,2015-03-04,Quarter1,finishing,Wednesday,12,0.8,4.6,0.0,1080,0,0.0,0,0,9.0,0.885925926,high
1050,2015-03-04,Quarter1,finishing,Wednesday,9,0.75,2.9,0.0,960,0,0.0,0,0,8.0,0.83375,high
1051,2015-03-04,Quarter1,finishing,Wednesday,1,0.7,3.94,0.0,960,0,0.0,0,0,8.0,0.806879167,high
1052,2015-03-04,Quarter1,finishing,Wednesday,4,0.7,3.94,0.0,960,0,0.0,0,0,8.0,0.806058333,high
1053,2015-03-04,Quarter1,sewing,Wednesday,11,0.8,11.41,433.0,0,38,0.0,0,0,56.0,0.800701754,high
1054,2015-03-04,Quarter1,sewing,Wednesday,12,0.8,15.26,961.0,4080,50,0.0,0,0,34.0,0.800401961,high
1055,2015-03-04,Quarter1,sewing,Wednesday,3,0.8,29.4,1169.0,6840,63,0.0,0,0,57.0,0.800333333,high
1056,2015-03-04,Quarter1,sewing,Wednesday,7,0.8,30.1,874.0,3960,50,0.0,0,0,59.0,0.800055762,high
1057,2015-03-04,Quarter1,sewing,Wednesday,4,0.7,26.82,1028.0,6960,60,0.0,0,0,58.0,0.799975862,medium
1058,2015-03-04,Quarter1,sewing,Wednesday,1,0.7,26.82,1772.0,6960,50,0.0,0,0,58.0,0.750651724,medium
1059,2015-03-04,Quarter1,sewing,Wednesday,9,0.75,18.79,1206.0,6240,34,0.0,0,0,52.0,0.750395513,medium
1060,2015-03-04,Quarter1,sewing,Wednesday,5,0.7,27.48,586.0,6960,40,0.0,0,0,58.0,0.700424138,medium
1061,2015-03-04,Quarter1,sewing,Wednesday,10,0.7,21.82,1334.0,5760,30,0.0,0,0,53.0,0.700058333,medium
1062,2015-03-04,Quarter1,finishing,Wednesday,7,0.8,4.6,0.0,8400,0,0.0,0,0,20.0,0.684888889,medium
1063,2015-03-04,Quarter1,finishing,Wednesday,5,0.7,4.6,0.0,960,0,0.0,0,0,8.0,0.592083333,low
1064,2015-03-04,Quarter1,finishing,Wednesday,2,0.5,3.9,0.0,960,0,0.0,0,0,8.0,0.5403125,low
1065,2015-03-04,Quarter1,sewing,Wednesday,8,0.8,29.4,30.0,6840,0,0.0,0,0,57.0,0.433263158,low
1066,2015-03-04,Quarter1,sewing,Wednesday,2,0.5,15.28,261.0,5520,0,0.0,0,1,46.0,0.404144928,low
1067,2015-03-04,Quarter1,sewing,Wednesday,6,0.75,18.79,52.0,3960,0,0.0,0,0,33.0,0.332146465,low
1068,2015-03-05,Quarter1,finishing,Thursday,8,0.8,4.6,0.0,2640,0,0.0,0,0,22.0,0.980984848,high
1069,2015-03-05,Quarter1,finishing,Thursday,2,0.6,3.9,0.0,960,0,0.0,0,0,8.0,0.950625,high
1070,2015-03-05,Quarter1,finishing,Thursday,11,0.8,2.9,0.0,1200,0,0.0,0,0,10.0,0.927291667,high
1071,2015-03-05,Quarter1,finishing,Thursday,12,0.8,4.6,0.0,1080,0,0.0,0,0,9.0,0.868888889,high
1072,2015-03-05,Quarter1,finishing,Thursday,1,0.7,3.94,0.0,960,0,0.0,0,0,8.0,0.812625,high
1073,2015-03-05,Quarter1,finishing,Thursday,4,0.7,3.94,0.0,960,0,0.0,0,0,8.0,0.812625,high
1074,2015-03-05,Quarter1,finishing,Thursday,3,0.8,4.6,0.0,1800,0,0.0,0,0,15.0,0.810111111,high
1075,2015-03-05,Quarter1,sewing,Thursday,11,0.8,11.41,455.0,3420,50,0.0,0,0,56.0,0.800701754,high
1076,2015-03-05,Quarter1,sewing,Thursday,3,0.8,29.4,797.0,1800,63,0.0,0,0,57.0,0.800534979,high
1077,2015-03-05,Quarter1,sewing,Thursday,12,0.8,15.26,959.0,4080,50,0.0,0,0,34.0,0.800401961,high
1078,2015-03-05,Quarter1,sewing,Thursday,1,0.7,26.82,1373.0,6960,50,0.0,0,0,58.0,0.750651724,medium
1079,2015-03-05,Quarter1,sewing,Thursday,9,0.75,18.79,1228.0,6240,45,0.0,0,0,52.0,0.750395513,medium
1080,2015-03-05,Quarter1,sewing,Thursday,4,0.7,26.82,1117.0,7080,50,0.0,0,0,59.0,0.750050847,medium
1081,2015-03-05,Quarter1,sewing,Thursday,5,0.7,27.48,230.0,6960,40,0.0,0,0,58.0,0.700424138,medium
1082,2015-03-05,Quarter1,sewing,Thursday,10,0.7,21.82,1390.0,6000,30,0.0,0,0,50.0,0.700422,medium
1083,2015-03-05,Quarter1,sewing,Thursday,2,0.6,15.28,529.0,1320,0,0.0,0,1,46.0,0.600099145,medium
1084,2015-03-05,Quarter1,finishing,Thursday,9,0.75,2.9,0.0,960,0,0.0,0,0,8.0,0.453125,low
1085,2015-03-05,Quarter1,sewing,Thursday,7,0.8,30.1,834.0,1200,0,4.0,40,0,59.0,0.366053523,low
1086,2015-03-05,Quarter1,sewing,Thursday,6,0.35,22.53,1450.0,2640,0,0.0,0,1,39.0,0.26369382,low
1087,2015-03-07,Quarter1,finishing,Saturday,12,0.8,4.6,0.0,1080,0,0.0,0,0,9.0,0.868888889,high
1088,2015-03-07,Quarter1,sewing,Saturday,12,0.8,15.26,986.0,4080,75,0.0,0,0,34.0,0.850520588,high
1089,2015-03-07,Quarter1,sewing,Saturday,1,0.7,26.82,1267.0,8160,70,0.0,0,0,58.0,0.850045,high
1090,2015-03-07,Quarter1,finishing,Saturday,7,0.8,4.6,0.0,6000,0,0.0,0,0,25.0,0.825444444,high
1091,2015-03-07,Quarter1,finishing,Saturday,5,0.35,3.94,0.0,2400,0,0.0,0,0,10.0,0.80575,high
1092,2015-03-07,Quarter1,sewing,Saturday,4,0.7,26.82,1195.0,6960,60,0.0,0,0,58.0,0.800746552,high
1093,2015-03-07,Quarter1,sewing,Saturday,3,0.8,29.4,983.0,6840,63,0.0,0,1,57.0,0.800578947,high
1094,2015-03-07,Quarter1,sewing,Saturday,11,0.8,11.41,471.0,3420,50,0.0,0,0,58.0,0.800034503,high
1095,2015-03-07,Quarter1,finishing,Saturday,6,0.5,2.9,0.0,960,0,0.0,0,0,8.0,0.7975,medium
1096,2015-03-07,Quarter1,sewing,Saturday,9,0.75,18.79,1226.0,3480,45,0.0,0,0,51.0,0.749987124,medium
1097,2015-03-07,Quarter1,sewing,Saturday,10,0.7,21.82,1251.0,6000,30,0.0,0,0,50.0,0.700422,medium
1098,2015-03-07,Quarter1,finishing,Saturday,1,0.7,3.94,0.0,960,0,0.0,0,0,8.0,0.664875,medium
1099,2015-03-07,Quarter1,finishing,Saturday,4,0.7,3.94,0.0,960,0,0.0,0,0,8.0,0.664875,medium
1100,2015-03-07,Quarter1,finishing,Saturday,11,0.8,2.9,0.0,960,0,0.0,0,0,8.0,0.657083333,medium
1101,2015-03-07,Quarter1,sewing,Saturday,2,0.65,16.1,626.0,4200,0,0.0,0,1,45.0,0.65024031,medium
1102,2015-03-07,Quarter1,finishing,Saturday,8,0.8,4.6,0.0,3600,0,0.0,0,0,15.0,0.590740741,low
1103,2015-03-07,Quarter1,finishing,Saturday,2,0.65,3.9,0.0,1920,0,0.0,0,0,8.0,0.528125,low
1104,2015-03-07,Quarter1,sewing,Saturday,6,0.5,23.41,1379.0,2280,0,0.0,0,1,39.0,0.500528095,low
1105,2015-03-07,Quarter1,sewing,Saturday,5,0.7,27.48,541.0,6960,24,0.0,0,1,58.0,0.408960345,low
1106,2015-03-08,Quarter2,finishing,Sunday,3,0.8,4.6,0.0,1440,0,0.0,0,0,12.0,0.951944444,high
1107,2015-03-08,Quarter2,finishing,Sunday,12,0.8,4.6,0.0,1080,0,0.0,0,0,9.0,0.945555556,high
1108,2015-03-08,Quarter2,finishing,Sunday,9,0.75,2.9,0.0,1080,0,0.0,0,0,9.0,0.929074074,high
1109,2015-03-08,Quarter2,finishing,Sunday,1,0.75,3.94,0.0,960,0,0.0,0,0,8.0,0.890604167,high
1110,2015-03-08,Quarter2,finishing,Sunday,4,0.75,3.94,0.0,960,0,0.0,0,0,8.0,0.890604167,high
1111,2015-03-08,Quarter2,finishing,Sunday,2,0.7,3.9,0.0,1200,0,0.0,0,0,10.0,0.884,high
1112,2015-03-08,Quarter2,finishing,Sunday,5,0.5,3.94,0.0,960,0,0.0,0,0,8.0,0.857916667,high
1113,2015-03-08,Quarter2,sewing,Sunday,4,0.75,26.82,1082.0,6840,65,0.0,0,0,57.0,0.850084211,high
1114,2015-03-08,Quarter2,sewing,Sunday,1,0.75,26.82,1254.0,6960,65,0.0,0,0,58.0,0.85007069,high
1115,2015-03-08,Quarter2,sewing,Sunday,3,0.8,30.1,1278.0,3360,50,0.0,0,1,57.0,0.800511068,high
1116,2015-03-08,Quarter2,sewing,Sunday,12,0.8,15.26,1064.0,4080,63,0.0,0,0,34.0,0.800401961,high
1117,2015-03-08,Quarter2,sewing,Sunday,11,0.8,11.41,313.0,3420,50,0.0,0,0,58.0,0.800034503,high
1118,2015-03-08,Quarter2,finishing,Sunday,11,0.8,2.9,0.0,960,0,0.0,0,0,8.0,0.755208333,medium
1119,2015-03-08,Quarter2,sewing,Sunday,9,0.75,18.79,1239.0,5640,45,0.0,0,0,52.0,0.750371895,medium
1120,2015-03-08,Quarter2,sewing,Sunday,10,0.7,21.82,1335.0,6000,30,0.0,0,0,50.0,0.700422,medium
1121,2015-03-08,Quarter2,sewing,Sunday,2,0.7,16.1,928.0,4800,30,0.0,0,1,45.0,0.700106061,medium
1122,2015-03-08,Quarter2,sewing,Sunday,6,0.6,23.41,1266.0,2520,23,0.0,0,1,38.0,0.601037091,medium
1123,2015-03-08,Quarter2,sewing,Sunday,8,0.6,30.48,869.0,6720,0,0.0,0,1,56.0,0.600528571,medium
1124,2015-03-08,Quarter2,sewing,Sunday,5,0.5,26.82,711.0,7080,23,0.0,0,1,59.0,0.500033898,low
1125,2015-03-08,Quarter2,finishing,Sunday,8,0.6,3.9,0.0,960,0,0.0,0,0,8.0,0.4509375,low
1126,2015-03-08,Quarter2,finishing,Sunday,10,0.7,2.9,0.0,960,0,0.0,0,0,8.0,0.441041667,low
1127,2015-03-08,Quarter2,finishing,Sunday,6,0.6,2.9,0.0,960,0,0.0,0,0,8.0,0.271875,low
1128,2015-03-09,Quarter2,finishing,Monday,11,0.8,2.9,0.0,960,0,0.0,0,0,8.0,0.960625,high
1129,2015-03-09,Quarter2,finishing,Monday,12,0.8,4.6,0.0,1080,0,0.0,0,0,9.0,0.902962963,high
1130,2015-03-09,Quarter2,finishing,Monday,5,0.6,3.94,0.0,2880,0,0.0,0,0,12.0,0.864342593,high
1131,2015-03-09,Quarter2,sewing,Monday,4,0.75,26.82,1079.0,7020,65,0.0,0,0,58.0,0.850446154,high
1132,2015-03-09,Quarter2,sewing,Monday,1,0.75,26.82,1322.0,7140,65,0.0,0,0,59.0,0.850426891,high
1133,2015-03-09,Quarter2,finishing,Monday,9,0.75,2.9,0.0,3600,0,0.0,0,0,15.0,0.841,high
1134,2015-03-09,Quarter2,sewing,Monday,3,0.8,30.1,964.0,5160,50,0.0,0,1,58.0,0.800842424,high
1135,2015-03-09,Quarter2,sewing,Monday,12,0.8,15.26,1132.0,4080,63,0.0,0,0,34.0,0.800401961,high
1136,2015-03-09,Quarter2,sewing,Monday,11,0.8,11.41,357.0,3420,50,0.0,0,0,58.0,0.800034503,high
1137,2015-03-09,Quarter2,finishing,Monday,3,0.8,4.6,0.0,1440,0,0.0,0,0,12.0,0.795416667,medium
1138,2015-03-09,Quarter2,finishing,Monday,4,0.75,3.94,0.0,960,0,0.0,0,0,8.0,0.7953875,medium
1139,2015-03-09,Quarter2,finishing,Monday,1,0.75,3.94,0.0,960,0,0.0,0,0,8.0,0.794566667,medium
1140,2015-03-09,Quarter2,sewing,Monday,9,0.75,18.79,1193.0,6240,45,0.0,0,0,52.0,0.750395513,medium
1141,2015-03-09,Quarter2,sewing,Monday,2,0.7,16.1,817.0,5520,30,0.0,0,1,45.0,0.700516224,medium
1142,2015-03-09,Quarter2,sewing,Monday,10,0.7,21.82,1576.0,6000,30,0.0,0,0,50.0,0.700422,medium
1143,2015-03-09,Quarter2,finishing,Monday,2,0.7,3.9,0.0,1200,0,0.0,0,0,10.0,0.6825,medium
1144,2015-03-09,Quarter2,sewing,Monday,6,0.65,23.41,1262.0,4560,35,0.0,0,1,38.0,0.650962281,medium
1145,2015-03-09,Quarter2,sewing,Monday,8,0.65,30.48,953.0,6720,26,0.0,0,1,56.0,0.650421429,medium
1146,2015-03-09,Quarter2,sewing,Monday,5,0.6,26.82,919.0,7080,23,0.0,0,1,59.0,0.600040678,medium
1147,2015-03-09,Quarter2,sewing,Monday,7,0.5,30.48,1161.0,6600,0,0.0,0,1,55.0,0.500610909,low
1148,2015-03-09,Quarter2,finishing,Monday,10,0.7,2.9,0.0,960,0,0.0,0,0,8.0,0.477291667,low
1149,2015-03-09,Quarter2,finishing,Monday,8,0.65,3.9,0.0,960,0,0.0,0,0,8.0,0.2640625,low
1150,2015-03-10,Quarter2,finishing,Tuesday,12,0.8,4.6,0.0,1080,0,0.0,0,0,9.0,0.92,high
1151,2015-03-10,Quarter2,finishing,Tuesday,5,0.6,3.94,0.0,1440,0,0.0,0,0,12.0,0.909391667,high
1152,2015-03-10,Quarter2,sewing,Tuesday,1,0.75,26.82,1574.0,7080,75,0.0,0,0,59.0,0.900061017,high
1153,2015-03-10,Quarter2,finishing,Tuesday,3,0.8,4.6,0.0,1440,0,0.0,0,0,12.0,0.894444444,high
1154,2015-03-10,Quarter2,finishing,Tuesday,4,0.75,3.94,0.0,960,0,0.0,0,0,8.0,0.881575,high
1155,2015-03-10,Quarter2,finishing,Tuesday,1,0.75,3.94,0.0,960,0,0.0,0,0,8.0,0.880754167,high
1156,2015-03-10,Quarter2,sewing,Tuesday,4,0.75,26.82,1104.0,5880,65,0.0,0,0,59.0,0.850084211,high
1157,2015-03-10,Quarter2,finishing,Tuesday,9,0.75,2.9,0.0,1800,0,0.0,0,0,15.0,0.821666667,high
1158,2015-03-10,Quarter2,sewing,Tuesday,12,0.8,15.26,1069.0,4080,63,0.0,0,0,34.0,0.800401961,high
1159,2015-03-10,Quarter2,sewing,Tuesday,3,0.8,30.1,756.0,6960,63,0.0,0,1,58.0,0.800071839,high
1160,2015-03-10,Quarter2,sewing,Tuesday,11,0.8,11.41,338.0,3420,50,0.0,0,0,58.0,0.800034503,high
1161,2015-03-10,Quarter2,finishing,Tuesday,11,0.8,2.9,0.0,960,0,0.0,0,0,8.0,0.758229167,medium
1162,2015-03-10,Quarter2,sewing,Tuesday,10,0.75,21.82,1499.0,6000,34,0.0,0,0,50.0,0.750608,medium
1163,2015-03-10,Quarter2,sewing,Tuesday,9,0.75,18.79,1247.0,6240,45,0.0,0,0,52.0,0.750395513,medium
1164,2015-03-10,Quarter2,finishing,Tuesday,2,0.7,3.9,0.0,960,0,0.0,0,0,8.0,0.741,medium
1165,2015-03-10,Quarter2,sewing,Tuesday,8,0.7,30.48,923.0,6840,30,0.0,0,1,57.0,0.700505263,medium
1166,2015-03-10,Quarter2,sewing,Tuesday,6,0.7,23.41,1180.0,4560,30,0.0,0,1,38.0,0.700246491,medium
1167,2015-03-10,Quarter2,sewing,Tuesday,2,0.7,16.1,957.0,5400,40,0.0,0,1,45.0,0.700051852,medium
1168,2015-03-10,Quarter2,sewing,Tuesday,5,0.65,26.82,1001.0,7080,26,0.0,0,1,59.0,0.650044068,medium
1169,2015-03-10,Quarter2,sewing,Tuesday,7,0.6,30.48,1017.0,6840,25,0.0,0,1,57.0,0.630402924,medium
1170,2015-03-10,Quarter2,finishing,Tuesday,8,0.65,3.9,0.0,960,0,0.0,0,0,8.0,0.560625,low
1171,2015-03-10,Quarter2,finishing,Tuesday,7,0.5,3.9,0.0,960,0,0.0,0,0,8.0,0.560625,low
1172,2015-03-10,Quarter2,finishing,Tuesday,10,0.7,2.9,0.0,960,0,0.0,0,0,8.0,0.39875,low
1173,2015-03-11,Quarter2,finishing,Wednesday,12,0.8,4.6,0.0,2160,0,0.0,0,0,9.0,0.922839506,high
1174,2015-03-11,Quarter2,finishing,Wednesday,11,0.8,2.9,0.0,2400,0,0.0,0,0,10.0,0.874027778,high
1175,2015-03-11,Quarter2,finishing,Wednesday,2,0.75,3.9,0.0,1920,0,0.0,0,0,8.0,0.819270833,high
1176,2015-03-11,Quarter2,finishing,Wednesday,4,0.75,3.94,0.0,1920,0,0.0,0,0,8.0,0.813309028,high
1177,2015-03-11,Quarter2,finishing,Wednesday,1,0.75,3.94,0.0,1920,0,0.0,0,0,8.0,0.812625,high
1178,2015-03-11,Quarter2,sewing,Wednesday,12,0.8,15.26,470.0,4080,63,0.0,0,0,34.0,0.800401961,high
1179,2015-03-11,Quarter2,sewing,Wednesday,3,0.8,30.1,735.0,6960,63,0.0,0,1,58.0,0.800071839,high
1180,2015-03-11,Quarter2,sewing,Wednesday,11,0.8,11.41,560.0,3420,50,0.0,0,0,58.0,0.800034503,high
1181,2015-03-11,Quarter2,finishing,Wednesday,3,0.8,4.6,0.0,1920,0,0.0,0,0,8.0,0.786631944,medium
1182,2015-03-11,Quarter2,finishing,Wednesday,5,0.7,3.94,0.0,1440,0,0.0,0,0,12.0,0.75885,medium
1183,2015-03-11,Quarter2,sewing,Wednesday,10,0.75,21.82,1674.0,6000,34,0.0,0,0,50.0,0.750608,medium
1184,2015-03-11,Quarter2,sewing,Wednesday,9,0.75,18.79,290.0,5040,45,0.0,0,0,52.0,0.750347333,medium
1185,2015-03-11,Quarter2,sewing,Wednesday,2,0.75,16.1,971.0,5400,45,0.0,0,1,45.0,0.750140741,medium
1186,2015-03-11,Quarter2,sewing,Wednesday,1,0.75,26.82,1322.0,7080,45,0.0,0,0,59.0,0.750050847,medium
1187,2015-03-11,Quarter2,sewing,Wednesday,4,0.75,26.82,1054.0,7080,45,0.0,0,0,59.0,0.750050847,medium
1188,2015-03-11,Quarter2,sewing,Wednesday,5,0.7,26.82,992.0,6960,30,0.0,0,1,58.0,0.700556897,medium
1189,2015-03-11,Quarter2,sewing,Wednesday,8,0.7,30.48,914.0,6840,30,0.0,0,1,57.0,0.700505263,medium
1190,2015-03-11,Quarter2,sewing,Wednesday,6,0.7,23.41,1128.0,4560,40,0.0,0,1,38.0,0.700246491,medium
1191,2015-03-11,Quarter2,sewing,Wednesday,7,0.65,30.48,935.0,6840,26,0.0,0,1,57.0,0.650596491,medium
1192,2015-03-11,Quarter2,finishing,Wednesday,10,0.75,2.9,0.0,960,0,0.0,0,0,8.0,0.628333333,medium
1193,2015-03-11,Quarter2,finishing,Wednesday,8,0.7,3.9,0.0,960,0,0.0,0,0,8.0,0.625625,medium
1194,2015-03-11,Quarter2,finishing,Wednesday,7,0.65,3.9,0.0,960,0,0.0,0,0,8.0,0.625625,medium
1195,2015-03-11,Quarter2,finishing,Wednesday,9,0.75,2.9,0.0,1800,0,0.0,0,0,15.0,0.505888889,low
1196,2015-03-11,Quarter2,finishing,Wednesday,6,0.7,2.9,0.0,720,0,0.0,0,0,6.0,0.394722222,low
